zipcode,adress,phone,domain,company,state,city
94583,6001 Bollinger Canyon Rd.,925-842-1000,chevron.com,Chevron,CA,San Ramon
31999,1932 Wynnton Rd.,706-323-3431,aflac.com,AFLAC,GA,Columbus
44115,1 Applied Plaza,216-426-4000,applied.com,Applied Industrial Technologies,OH,Cleveland
63131,12405 Powerscourt Dr.,314-965-0555,charter.com,Charter Communications,MO,Des Peres
30313,1 Coca-Cola Plaza,404-676-2121,thecoca-colacompany.com,Coca-Cola,GA,Atlanta
48674,2030 Dow Center,989-636-1000,dow.com,Dow Chemical,MI,Midland
10120,112 W. 34th St.,212-720-3700,footlocker-inc.com,Foot Locker,NY,New York
22042,2941 Fairview Park Dr.,703-876-3000,generaldynamics.com,General Dynamics,VA,Mosby
40202,500 W. Main St.,502-580-1000,humana.com,Humana,KY,Louisville
55128,1 Imation Way,651-704-4000,imation.com,Imation,MN,Oakdale
75038,351 Phelps Dr.,972-281-1200,kimberly-clark.com,Kimberly-Clark,TX,Irving
55144,3M Center,651-733-1110,3m.com,3M,MN,St. Paul
91201,701 Western Ave.,818-244-8080,publicstorage.com,Public Storage,CA,Glendale
92121,5775 Morehouse Dr.,858-587-1121,qualcomm.com,Qualcomm,CA,San Diego
27370,1 Office Pkwy.,336-861-3500,sealy.com,Sealy,NC,Trinity
49508,901 44th St. S.E.,616-247-2710,steelcase.com,Steelcase,MI,Kentwood
2903,40 Westminster St.,401-421-2800,textron.com,Textron,RI,Providence
77072,6380 Rogerdale Rd.,281-776-7200,tmw.com,Men's Wearhouse,TX,Houston
19044,250 Gibraltar Rd.,215-938-8000,tollbrothers.com,Toll Brothers,PA,Horsham
37027,200 Powell Place,615-440-4000,tractorsupply.com,Tractor Supply,TN,Brentwood
60661,550 W. Adams St.,312-436-4000,usg.com,USG,IL,Chicago
55415,1101 Third St. S.,612-332-7371,valspar.com,Valspar,MN,Minneapolis
77002,1001 Fannin St.,713-512-6200,wm.com,Waste Management,TX,Houston
94109,3250 Van Ness Ave.,415-421-7900,williams-sonomainc.com,Williams-Sonoma,CA,San Francisco
94089,701 First Ave.,408-349-3300,yahoo.com,Yahoo,CA,Sunnyvale
68179,1400 Douglas St.,402-544-5000,up.com,Union Pacific,NE,Omaha
60064,100 Abbott Park Rd.,847-937-6100,abbott.com,Abbott Laboratories,IL,Abbott Park
24012,5008 Airport Rd.,540-362-4911,advanceautoparts.com,Advance Auto Parts,VA,Roanoke
10285,200 Vesey St.,212-640-2000,americanexpress.com,American Express,NY,New York
98188,19300 International Blvd.,206-392-5040,alaskaair.com,Alaska Air Group,WA,Tukwila
60062,2775 Sanders Rd.,847-402-5000,allstate.com,Allstate,IL,Northbrook
77380,1201 Lake Robbins Dr.,832-636-1000,anadarko.com,Anadarko Petroleum,TX,The Woodlands
63118,1 Busch Place,314-577-2000,anheuser-busch.com,Anheuser-Busch,MO,Saint Louis
10005,1 Chase Manhattan Plaza,212-859-7000,assurant.com,Assurant,NY,New York
78205,175 E. Houston St.,210-821-4105,att.com,AT&T,TX,San Antonio
60606,100 N. Riverside Plaza,312-544-2000,boeing.com,Boeing,IL,Chicago
22102,1680 Capital One Dr.,703-720-1000,capitalone.com,Capital One Financial,VA,West Mclean
10019,51 W. 52nd St.,212-975-4321,cbscorporation.com,CBS,NY,New York
10043,399 Park Ave.,212-559-1000,citigroup.com,Citigroup,NY,New York
10022,135 East 57th St.,646-521-4300,etrade.com,E*Trade Financial,NY,New York
77002,1001 Louisiana St.,713-420-2600,elpaso.com,El Paso,TX,Houston
28217,2730 W. Tyvola Rd.,704-423-7000,goodrich.com,Goodrich,NC,Charlotte
27105,1000 E. Hanes Mill Rd.,336-519-4400,hanesbrands.com,Hanesbrands,NC,Winston Salem
38197,6400 Poplar Ave.,901-419-7000,internationalpaper.com,International Paper,TN,Memphis
14650,343 State St.,585-724-4000,kodak.com,Eastman Kodak,NY,Rochester
60093,3 Lakes Dr.,847-646-2000,kraft.com,Kraft Foods,IL,Northfield
95035,1621 Barber Ln.,408-433-8000,lsi.com,LSI,CA,Milpitas
45202,7 W. Seventh St.,513-579-7000,macysinc.com,Macy's,OH,Cincinnati
60045,1 N. Field Court,847-735-4700,brunswick.com,Brunswick,IL,Lake Forest
50309,1716 Locust St.,515-284-3000,meredith.com,Meredith,IA,Des Moines
53212,100 Manpower Place,414-961-1000,manpower.com,Manpower,WI,Milwaukee
45479,1700 S. Patterson Blvd.,937-445-5000,ncr.com,NCR,OH,Dayton
94065,500 Oracle Pkwy.,650-506-7000,oracle.com,Oracle,CA,Redwood City
10589,1 Pepsi Way,914-767-6000,pbg.com,Pepsi Bottling,NY,Somers
10017,235 E. 42nd St.,212-573-2323,pfizer.com,Pfizer,NY,New York
19610,825 Berkshire Blvd.,610-373-2400,pngaming.com,Penn National Gaming,PA,Wyomissing
7102,751 Broad St.,973-802-6000,prudential.com,Prudential Financial,NJ,Newark
76102,300 RadioShack Circle,817-415-3011,radioshackcorporation.com,RadioShack,TX,Fort Worth
37918,7132 Regal Ln.,865-922-1123,regalentertainmentgroup.com,Regal Entertainment Group,TN,Knoxville
95035,601 McCarthy Blvd.,408-801-1000,sandisk.com,SanDisk,CA,Milpitas
94108,120 Kearny St.,415-636-7000,aboutschwab.com,Charles Schwab,CA,San Francisco
43041,14111 Scottslawn Road,937-644-0011,scotts.com,Scotts Miracle-Gro,OH,Marysville
44115,101 Prospect Ave. N.W.,216-566-2000,sherwin.com,Sherwin-Williams,OH,Cleveland
28277,13515 Ballantyne Corporate Place,704-752-4400,spx.com,SPX,NC,Charlotte
10604,1111 Westchester Ave.,914-640-8100,starwoodhotels.com,Starwood Hotels & Resorts,NY,East White Plain
55403,1000 Nicollet Mall,612-304-6073,target.com,Target,MN,Minneapolis
75243,12500 TI Blvd.,972-995-3773,ti.com,Texas Instruments,TX,Dallas
10022,727 Fifth Ave.,212-755-8000,tiffany.com,Tiffany,NY,New York
6103,1 Financial Plaza,860-728-7000,utc.com,United Technologies,CT,Hartford
10007,140 West St.,212-395-1000,verizon.com,Verizon Communications,NY,New York
10036,1515 Broadway,212-258-6000,viacom.com,Viacom,NY,New York
63103,1 N. Jefferson Ave.,314-955-3000,agedwards.com,A.G. Edwards,MO,Saint Louis
72212,4001 Rodney Parham Rd.,501-748-7000,windstream.com,Windstream,AR,Little Rock
75235,2702 Love Field Dr.,214-792-4000,southwest.com,Southwest Airlines,TX,Dallas
6850,45 Glover Ave.,203-968-3000,xerox.com,Xerox,CT,Norwalk
55474,55 Ameriprise Financial Center,612-671-3131,ameriprise.com,Ameriprise Financial,MN,Minneapolis
48098,5725 Delphi Dr.,248-813-2000,delphi.com,Delphi,MI,Troy
55344,11840 Valley View Rd.,952-828-4000,supervalu.com,Supervalu,MN,Eden Prairie
19898,1007 Market St.,302-774-1000,dupont.com,DuPont,DE,Wilmington
94043,1600 Amphitheatre Pkwy.,650-253-0000,google.com,Google,CA,Mountain View
28217,2801 W. Tyvola Rd.,704-357-1000,belk.com,Belk,NC,Charlotte
32202,500 Water St.,904-359-3200,csx.com,CSX,FL,Jacksonville
75201,2515 McKinney Ave.,214-303-3400,deanfoods.com,Dean Foods,TX,Dallas
1748,176 South St.,508-435-1000,emc.com,EMC,MA,Hopkinton
94043,2700 Coast Avenue,650-944-6000,intuit.com,Intuit,CA,Mountain View
8889,1 Merck Dr.,908-423-1000,merck.com,Merck,NJ,Whitehouse Stati
10010,51 Madison Ave.,212-576-7000,newyorklife.com,New York Life Insurance,NY,New York
10017,12 E. 49 St.,212-940-5305,saksincorporated.com,Saks,NY,New York
1701,770 Cochituate Rd.,508-390-1000,tjx.com,TJX,MA,Framingham
2451,870 Winter St.,781-522-3000,raytheon.com,Raytheon,MA,Waltham
49022,2000 North M-63,269-923-5000,whirlpoolcorp.com,Whirlpool,MI,Benton Harbor
98052,1 Microsoft Way,425-882-8080,microsoft.com,Microsoft,WA,Redmond
43228,300 Phillipi Rd.,614-278-6800,biglots.com,Big Lots,OH,Lincoln Village
76051,625 Westport Pkwy.,817-424-2000,gamestop.com,GameStop,TX,Grapevine
90210,9348 Civic Center Dr.,310-867-7000,livenation.com,Live Nation,CA,Beverly Hills
60563,263 Shuman Blvd.,630-438-7800,officemax.com,OfficeMax,IL,Naperville
23430,200 Commerce St.,757-365-3000,smithfieldfoods.com,Smithfield Foods,VA,Smithfield
45202,1 Procter &amp; Gamble Plaza,513-983-1100,pg.com,Procter & Gamble,OH,Cincinnati
50392,711 High St.,515-247-5111,principal.com,Principal Financial,IA,Des Moines
30067,814 Livingston Court,770-644-3000,graphicpkg.com,Graphic Packaging,GA,Marietta
43054,6301 Fitch Path,614-283-6500,abercrombie.com,Abercrombie & Fitch,OH,New Albany
20817,6705 Rockledge Dr.,301-581-0600,cvty.com,Coventry Health Care,MD,West Bethesda
94111,160 Pacific Ave.,415-733-4000,abm.com,ABM Industries,CA,San Francisco
60069,300 Tower Pkwy.,847-541-9500,accobrands.com,ACCO Brands,IL,Prairie View
30309,1170 Peachtree St. N.E.,404-853-1400,acuitybrands.com,Acuity Brands,GA,Atlanta
95110,345 Park Ave.,408-536-6000,adobe.com,Adobe Systems,CA,San Jose
94085,1 AMD Place,408-749-4000,amd.com,Advanced Micro Devices,CA,Sunnyvale
75204,2828 N. Haskell Ave.,214-841-6111,acs-inc.com,Affiliated Computer Services,TX,Dallas
33431,2255 Glades Road,561-999-8700,agilysys.com,Agilysys,FL,Boca Raton
18195,7201 Hamilton Blvd.,610-481-4911,airproducts.com,Air Products & Chemicals,PA,Allentown
19087,259 N. Radnor-Chester Rd.,610-687-5253,airgas.com,Airgas,PA,Radnor
60601,200 E. Randolph St.,312-381-1000,aon.com,Aon,IL,Chicago
77002,1000 Louisiana St.,713-507-6400,dynegy.com,Dynegy,TX,Houston
21202,100 Light St.,410-539-0000,leggmason.com,Legg Mason,MD,Baltimore
6156,151 Farmington Ave.,860-273-0123,aetna.com,Aetna,CT,Hartford
80237,4582 S. Ulster St. Pkwy.,303-757-8101,aimco.com,AIMCO,CO,Denver
75252,17655 Waterview Pkwy.,972-348-5100,alliancedata.com,Alliance Data Systems,TX,Dallas
72202,1 Allied Dr.,501-905-8000,alltel.com,Alltel,AR,Little Rock
24212,1 Alpha Place,276-619-4410,alphanr.com,Alpha Natural Resources,VA,Abingdon
23230,6601 W. Broad St.,804-274-2200,altria.com,Altria Group,VA,West End
89502,1325 Airmotive Way,775-688-6300,amerco.com,Amerco,NV,Reno
63103,1901 Chouteau Ave.,314-621-3222,ameren.com,Ameren,MO,Saint Louis
10270,70 Pine St.,212-770-7000,aigcorporate.com,American International Group,NY,New York
60026,2301 Patriot Blvd.,224-521-8000,anixter.com,Anixter International,IL,Glenview Nas
85040,4615 E. Elwood St.,480-966-5394,apollogrp.edu,Apollo Group,AZ,Phoenix
6851,301 Merritt 7,203-840-2000,applera.com,Applera,CT,Norwalk
95054,3050 Bowers Ave.,408-727-5555,appliedmaterials.com,Applied Materials,CA,Santa Clara
63141,1 CityPlace Dr.,314-994-2700,archcoal.com,Arch Coal,MO,Creve Coeur
95131,2325 Orchard Pkwy.,408-441-0311,atmel.com,Atmel,CA,San Jose
75240,5430 L.B.J. Freeway,972-934-9227,atmosenergy.com,Atmos Energy,TX,Dallas
48917,6101 Anacapri Blvd.,517-323-1200,auto-owners.com,Auto-Owners Insurance,MI,Lansing
10286,1 Wall St.,212-495-1784,bynmellon.com,Bank of New York Mellon Corp.,NY,New York
27101,200 W. Second St.,336-733-2000,bbt.com,BB&T Corp.,NC,Winston Salem
63105,7701 Forsyth Blvd.,314-854-8000,belden.com,Belden,MO,Clayton
47710,101 Oakley St.,812-424-2904,berryplastics.com,Berry Plastics Group,IN,Evansville
30339,4300 Wildwood Pkwy.,770-953-7000,bluelinxco.com,BlueLinx Holdings,GA,Atlanta
83702,1111 W. Jefferson St.,208-384-6161,bc.com,Boise Cascade Holdings,ID,Boise
92617,5300 California Ave.,949-926-5000,broadcom.com,Broadcom,CA,Irvine
77027,1333 W. Loop S.,713-513-3300,c-a-m.com,Cameron International,TX,Houston
60169,2895 Greenspoint Pkwy.,847-781-3600,careered.com,Career Education,IL,Hoffman Estates
71203,100 CenturyTel Dr.,318-388-9000,centurytel.com,CenturyTel,LA,Monroe
76065,300 Ward Rd.,972-775-8241,chapusa.com,Chaparral Steel,TX,Midlothian
73118,6100 N. Western Ave.,405-848-8000,chk.com,Chesapeake Energy,OK,Oklahoma City
7094,915 Secaucus Rd.,201-558-2400,childrensplace.com,Children's Place Retail Stores,NJ,Secaucus
66607,3231 SE Sixth Ave.,785-233-5171,collectivebrands.com,Collective Brands,KS,Topeka
28602,"1100 CommScope Pl., S.E.",828-324-2200,commscope.com,CommScope,NC,Hickory
68102,1 ConAgra Dr.,402-595-4000,conagrafoods.com,ConAgra Foods,NE,Omaha
14450,370 Woodcliff Dr.,585-218-3600,cbrands.com,Constellation Brands,NY,Fairport
94080,395 Oyster Point Blvd.,650-589-9445,coremark.com,Core-Mark Holding,CA,South San Franci
47201,500 Jackson St.,812-377-5000,cummins.com,Cummins,IN,Columbus
43615,4500 Dorr St.,419-535-4500,dana.com,Dana Holding,OH,Toledo
72201,1600 Cantrell Rd.,501-376-5200,dillards.com,Dillard's,AR,Little Rock
74135,5330 E. 31st St.,918-660-7700,dtag.com,Dollar Thrifty Automotive,OK,Tulsa
10017,280 Park Ave.,212-922-1640,dovercorporation.com,Dover,NY,New York
7054,5 Sylvan Way,973-898-1500,drs.com,DRS Technologies,NJ,Parsippany
48226,2000 Second Ave.,313-235-4000,dteenergy.com,DTE Energy,MI,Detroit
37660,200 S. Wilcox Dr.,423-229-2000,eastman.com,Eastman Chemical,TN,Bloomingdale
77002,1100 Louisiana St.,713-821-2000,enbridgepartners.com,Enbridge Energy Partners,TX,Houston
70113,639 Loyola Ave.,504-576-4000,entergy.com,Entergy,LA,New Orleans
77002,1100 Louisiana St.,713-381-6500,enterprisegp.com,Enterprise GP Holdings,TX,Houston
60606,2 N. Riverside Plaza,312-474-1300,equityresidential.com,Equity Residential,IL,Chicago
30004,13000 Deerfield Pkwy.,678-566-9000,exide.com,Exide Technologies,GA,Alpharetta
98104,1015 Third Ave.,206-674-3400,expeditors.com,Expeditors International of Washington,WA,Seattle
63121,1 Express Way,314-996-0900,express-scripts.com,Express Scripts,MO,Normandy
77041,4444 Brittmoore Rd.,713-335-7000,exterran.com,Exterran Holdings,TX,Houston
4106,82 Running Hill Road,207-775-8100,fairchildsemi.com,Fairchild Semiconductor Intl.,ME,South Portland
92707,1 First American Way,714-250-3000,firstam.com,First American Corp.,CA,Santa Ana Height
44308,76 S. Main St.,800-736-3402,firstenergycorp.com,FirstEnergy,OH,Akron
31757,1919 Flowers Circle,229-226-9110,flowersfoods.com,Flowers Foods,GA,Thomasville
2919,1301 Atwood Ave.,401-275-3000,fmglobal.com,FM Global,RI,Cranston
19103,1735 Market St.,215-299-6000,fmc.com,FMC,PA,Philadelphia
48126,1 American Rd.,313-322-3000,ford.com,Ford Motor,MI,Dearborn
94403,1 Franklin Pkwy.,650-312-2000,franklintempleton.com,Franklin Resources,CA,San Mateo
62305,1800 Gardner Expwy.,217-222-5400,gardnerdenver.com,Gardner Denver,IL,Quincy
30339,2999 Circle 75 Pkwy.,770-953-1700,genpt.com,Genuine Parts,GA,Atlanta
94404,333 Lakeside Dr.,650-574-3000,gilead.com,Gilead Sciences,CA,Foster City
77060,400 N. Sam Houston Pkwy. E.,281-878-8000,grantprideco.com,Grant Prideco,TX,Houston
43015,425 Winter Road,740-549-6000,greif.com,Greif,OH,Delaware
1653,440 Lincoln St.,508-855-1000,hanover.com,Hanover Insurance Group,MA,Worcester
89109,1 Caesars Palace Dr.,702-407-6000,harrahs.com,Harrah's Entertainment,NV,Las Vegas
32919,1025 W. NASA Blvd.,321-727-9100,harris.com,Harris,FL,Melbourne
96813,900 Richards St.,808-543-5662,hei.com,Hawaiian Electric Industries,HI,Honolulu
37203,1 Park Plaza,615-344-9551,hcahealthcare.com,HCA,TN,Nashville
77060,400 N. Sam Houston Pkwy.,281-618-0400,helixESG.com,Helix Energy Solutions Group,TX,Houston
49464,855 E. Main Ave.,616-654-3000,hermanmiller.com,Herman Miller,MI,Zeeland
7962,101 Columbia Rd.,973-455-2000,honeywell.com,Honeywell International,NJ,Morris Township
60045,275 N. Field Dr.,224-212-2000,hospira.com,Hospira,IL,Lake Forest
7652,W. 80 Century Rd.,201-967-1900,hcsbonline.com,Hudson City Bancorp,NJ,Paramus
10153,767 Fifth Ave.,212-702-4300,icahnenterprises.com,Icahn Enterprises,NY,New York
6851,901 Main Ave.,203-845-5200,imshealth.com,IMS Health,CT,Norwalk
28711,2913 U.S. Hwy. 70 W.,828-669-2941,ingles-markets.com,Ingles Markets,NC,Black Mountain S
85284,1305 W. Auto Dr.,480-902-1001,insight.com,Insight Enterprises,AZ,Tempe
60601,130 E. Randolph Dr.,312-228-5400,integrysgroup.com,Integrys Energy Group,IL,Chicago
32701,220 E. Central Pkwy.,407-741-5300,intlassets.com,International Assets Holding,FL,Altamonte Spring
64111,12 E. Armour Blvd.,816-502-4000,interstatebakeriescorp.com,Interstate Bakeries,MO,Kansas City
75024,6501 Legacy Dr.,972-431-1000,jcpenney.net,J.C. Penney,TX,Plano
10022,520 Madison Ave.,212-284-2300,jefferies.com,Jefferies Group,NY,New York
77010,1301 McKinney St.,713-651-4300,keyenergy.com,Key Energy Services,TX,Houston
40202,680 S. Fourth St.,502-596-7300,kindredhealthcare.com,Kindred Healthcare,KY,Louisville
37620,501 5th St.,423-989-8000,kingpharm.com,King Pharmaceuticals,TN,Bristol
10016,600 Third Ave.,212-697-1111,L-3com.com,L-3 Communications,NY,New York
94538,4650 Cushing Parkway,510-572-0200,lamrc.com,Lam Research,CA,Fremont
32224,13410 Sutton Park Dr. S.,904-398-9400,landstar.com,Landstar System,FL,Jacksonville
89109,3355 Las Vegas Blvd. S.,702-414-1000,lasvegassands.com,Las Vegas Sands,NV,Las Vegas
48033,21557 Telegraph Rd.,248-447-1500,lear.com,Lear,MI,Southfield
2116,175 Berkeley St.,617-357-9500,libertymutual.com,Liberty Mutual Insurance Group,MA,Boston
43230,3 Limited Pkwy.,614-415-7000,limitedbrands.com,Limited Brands,OH,Gahanna
7015,6 Brighton Rd.,973-778-1300,lnt.com,Linens Holding,NJ,Clifton
14203,1 M&amp;T Plaza,716-842-5445,mtb.com,M&T Bank Corp.,NY,Buffalo
20817,10400 Fernwood Rd.,301-380-3000,marriott.com,Marriott International,MD,West Bethesda
53202,770 N. Water St.,414-765-7700,micorp.com,Marshall & Ilsley Corp.,WI,Milwaukee
23219,4 N. 4th St.,804-788-1800,masseyenergyco.com,Massey Energy,VA,Richmond
95816,2100 Q Street,916-321-1846,mcclatchy.com,McClatchy,CA,Sacramento
58506,1200 W. Century Ave.,701-530-1000,mdu.com,MDU Resources Group,ND,Bismarck
23060,11013 W. Broad St.,804 327-5200,meadwestvaco.com,MeadWestvaco,VA,Glen Allen
7417,100 Parsons Pond Dr.,201-269-3400,medco.com,Medco Health Solutions,NJ,Franklin Lakes
90010,4484 Wilshire Blvd.,323-937-1060,mercuryinsurance.com,Mercury General,CA,Los Angeles
60610,325 N. LaSalle St.,312-645-0700,mtlm.com,Metal Management,IL,Chicago
75082,2250 Lakeside Blvd.,214-570-5800,metropcs.com,MetroPCS Communications,TX,Richardson
75063,8000 Bent Branch Dr.,972-409-1300,michaels.com,Michaels Stores,TX,Irving
53403,1500 DeKoven Ave.,262-636-1200,modine.com,Modine Manufacturing,WI,Racine
38125,8285 Tournament Dr.,901-753-3200,muellerindustries.com,Mueller Industries,TN,Memphis
71730,200 Peach St.,870-862-6411,murphyoilcorp.com,Murphy Oil,AR,El Dorado
10022,320 Park Ave.,212-224-1600,mutualofamerica.com,Mutual of America Life,NY,New York
55435,7600 France Ave. S.,952-832-0534,nashfinch.com,Nash-Finch,MN,Edina
44114,1900 E. Ninth St.,216-222-2000,nationalcity.com,National City Corp.,OH,Cleveland
14221,6363 Main St.,716-857-7000,natfuel.com,National Fuel Gas,NY,Williamsville
77036,7909 Parkwood Circle Dr.,713-346-7500,nov.com,National Oilwell Varco,TX,Houston
7719,1415 Wyckoff Rd.,732-938-1480,njresources.com,New Jersey Resources,NJ,Wall
80203,1700 Lincoln St.,303-863-7414,newmont.com,Newmont Mining,CO,Denver
60603,50 S. LaSalle St.,312-630-6000,northerntrust.com,Northern Trust Corp.,IL,Chicago
8540,211 Carnegie Center,609-524-4500,nrgenergy.com,NRG Energy,NJ,Princeton
10005,11 Wall St.,212-656-3000,nyse.com,NYSE Euronext,NY,New York
77002,333 Clay St.,713-652-0582,oilstatesintl.com,Oil States International,TX,Houston
60601,307 N. Michigan Ave.,312-346-8100,oldrepublic.com,Old Republic International,IL,Chicago
63105,190 Carondelet Plaza,314-480-1400,olin.com,Olin,MO,Clayton
10022,437 Madison Ave.,212-415-3600,omnicomgroup.com,Omnicom Group,NY,New York
65802,233 S. Patterson,417-862-6708,oreillyauto.com,O'Reilly Automotive,MO,Springfield
54902,2307 Oregon St.,920-235-9151,oshkoshcorporation.com,Oshkosh,WI,Oshkosh
43659,1 Owens Corning Pkwy.,419-248-8000,owenscorning.com,Owens Corning,OH,Toledo
60045,1900 W. Field Ct.,847-482-3000,packagingcorp.com,Packaging Corp. of America,IL,Lake Forest
27331,1801 Douglas Dr.,919-774-6700,thepantry.com,Pantry,NC,Sanford
44124,6035 Parkland Blvd.,216-896-3000,parker.com,Parker Hannifin,OH,Lyndhurst Mayfie
55120,1031 Mendota Heights Rd.,651-686-1600,pattersoncompanies.com,Patterson,MN,Eagan
63101,701 Market St.,314-342-3400,peabodyenergy.com,Peabody Energy,MO,Saint Louis
23238,12500 W. Creek Pkwy.,804-484-7700,pfgc.com,Performance Food Group,VA,Richmond
2451,940 Winter St.,781-663-6900,perkinelmer.com,PerkinElmer,MA,Waltham
94105,1 Market St.,415-267-7000,pgecorp.com,PG&E Corp.,CA,San Francisco
10016,200 Madison Ave.,212-381-3500,pvh.com,Phillips-Van Heusen,NY,New York
85072,400 N. Fifth St.,602-250-1000,pinnaclewest.com,Pinnacle West Capital,AZ,Phoenix
75039,5205 N. O'Connor Blvd.,972-444-9001,pxd.com,Pioneer Natural Resources,TX,Irving
44012,33587 Walker Rd.,440-930-1000,polyone.com,PolyOne,OH,Avon Lake
70433,109 Northpark Blvd.,985-892-5521,poolcorp.com,Pool,LA,Covington
99201,601 W. First Ave.,509-835-1500,potlatchcorp.com,Potlatch,WA,Spokane
6810,39 Old Ridgebury Rd.,203-837-2000,praxair.com,Praxair,CT,Danbury
32216,4345 Southpoint Blvd.,904-332-3000,pssworldmedical.com,PSS World Medical,FL,Jacksonville
7102,80 Park Plaza,973-430-7000,pseg.com,Public Service Enterprise Group,NJ,Newark
63101,800 Market St.,314-877-7000,ralcorp.com,Ralcorp Holdings,MO,Saint Louis
33716,880 Carillon Pkwy.,727-567-1000,rjf.com,Raymond James Financial,FL,Saint Petersburg
7054,1 Campus Dr.,973-407-2000,realogy.com,Realogy,NJ,Parsippany
53511,200 State St.,608-364-8800,regalbeloit.com,Regal-Beloit,WI,Shopiere
35203,1900 Fifth Ave. N.,205-944-1300,regions.com,Regions Financial,AL,Birmingham
77002,1000 Main St.,713-497-3000,reliant.com,Reliant Energy,TX,Houston
43224,3241 Westerville Rd.,614-471-4722,retailventuresinc.com,Retail Ventures,OH,Columbus
27102,401 N. Main St.,336-741-2000,reynoldsamerican.com,Reynolds American,NC,Winston-Salem
94025,2884 Sand Hill Rd.,650-234-6000,rhi.com,Robert Half International,CA,West Menlo Park
34240,6901 ProfessionalPkwy. E.,941-556-2601,roperind.com,Roper Industries,FL,Sarasota
85254,6929 E. Greenway Pkwy.,480-905-3300,rscrental.com,RSC Holdings,AZ,Scottsdale
28202,301 S. Tryon St.,704-372-5404,ruddickcorp.com,Ruddick,NC,Charlotte
33178,11690 N.W. 105th St.,305-500-3726,ryder.com,Ryder System,FL,Miami
76210,3001 Colorado Blvd.,940-898-7500,sallybeautyholdings.com,Sally Beauty Holdings,TX,Denton
29201,1426 Main St.,803-217-9000,scana.com,Scana,SC,Columbia
29615,6 Logue Court,864-288-2432,scansource.com,ScanSource,SC,Greenville
97210,3200 N.W. Yeon Ave.,503-224-9900,schnitzersteel.com,Schnitzer Steel Industries,OR,Portland
10012,557 Broadway,212-343-6100,scholastic.com,Scholastic,NY,New York
66202,9000 W. 67th St.,913-676-8800,seaboardcorp.com,Seaboard,KS,Countryside
54481,1800 N. Point Dr.,715-346-6000,sentry.com,Sentry Insurance Group,WI,Stevens Point
89128,2724 N. Tenaya Way,702-242-7000,sierrahealth.com,Sierra Health Services,NV,Las Vegas
6901,4 Landmark Sq.,203-975-7110,silganholdings.com,Silgan Holdings,CT,Stamford
20190,12061 Bluemont Way,703-810-3000,salliemae.com,SLM,VA,Reston
60601,150 N. Michigan Ave.,312-346-6600,smurfit-stone.com,Smurfit-Stone Container,IL,Chicago
28212,6415 Idlewild Rd.,704-566-2400,sonicautomotive.com,Sonic Automotive,NC,Charlotte
29550,1 N. Second St.,843-383-7000,sonoco.com,Sonoco Products,SC,Hartsville
34134,27500 Riverview Center Blvd.,239-949-4450,sourceinterlink.com,Source Interlink,FL,Bonita Springs
89193,5241 Spring Mtn. Rd.,702-876-7237,swgas.com,Southwest Gas,NV,Las Vegas
92618,15326 Alton Pkwy.,949-789-1600,standardpacifichomes.com,Standard Pacific,CA,Irvine
92408,301 S. Tippecanoe Ave.,909-733-5000,staterbros.com,Stater Bros. Holdings,CA,San Bernardino
92612,18831 Von Karman,949-255-7100,sunh.com,Sun Healthcare Group,CA,Irvine
95054,4150 Network Circle,650-960-1300,sun.com,Sun Microsystems,CA,Santa Clara
31901,1111 Bay Ave.,706-649-5220,synovus.com,Synovus Financial Corp.,GA,Columbus
77077,1390 Enclave Pkwy.,281-584-1390,sysco.com,Sysco,TX,Houston
77002,1000 Louisiana St.,713-584-1000,targaresources.com,Targa Resources,TX,Houston
60602,30 N. LaSalle St.,312-630-1900,teldta.com,Telephone & Data Systems,IL,Chicago
60563,1415 W. Diehl Rd.,630-798-8800,tellabs.com,Tellabs,IL,Naperville
51101,600 Fourth St.,712-277-1340,terraindustries.com,Terra Industries,IA,Sioux City
45334,419 W. Pike St.,937-596-6849,thorindustries.com,Thor Industries,OH,Jackson Center
55415,625 Fourth Ave. S.,612-340-7000,thrivent.com,Thrivent Financial for Lutherans,MN,Minneapolis
75070,3700 S. Stonebridge Dr.,972-569-4000,torchmarkcorp.com,Torchmark,TX,Mc Kinney
8855,1 Centennial Ave.,732-980-6000,trane.com,Trane,NJ,Piscataway
55102,385 Washington St.,651-310-7911,travelers.com,Travelers Cos.,MN,Saint Paul
75207,2525 Stemmons Fwy.,214-631-4420,trin.net,Trinity Industries,TX,Dallas
90040,5200 Sheila St.,323-264-5200,uwgrocers.com,Unified Western Grocers,CA,City Of Commerce
15219,600 Grant St.,412-433-1121,ussteel.com,United States Steel,PA,Uptown
55343,9900 Bren Rd. E.,952-936-1300,unitedhealthgroup.com,UnitedHealth Group,MN,Eden Prairie
60601,1 E. Wacker Dr.,312-661-4600,unitrin.com,Unitrin,IL,Chicago
23230,1501 N. Hamilton St.,804-359-9311,universalcorp.com,Universal,VA,West End
10158,605 Third Ave.,212-455-5200,univision.net,Univision Communications,NY,New York
37402,1 Fountain Square,423-294-1011,unum.com,Unum Group,TN,Chattanooga
85281,111 W. Rio Salado Pkwy.,480-693-0800,usairways.com,US Airways Group,AZ,Tempe
77060,16825 Northchase Dr.,832-601-8766,usoncology.com,US Oncology Holdings,TX,Houston
6905,6 High Ridge Park,203-817-3000,ustinc.com,UST,CT,Ridgeway
94502,1275 Harbor Bay Pkwy.,510-864-8800,utstar.com,UTStarcom,CA,Alameda
47708,1 Vectren Sq.,812-491-4000,vectren.com,Vectren,IN,Evansville
10022,909 Third Ave.,212-906-8440,virginmedia.com,Virgin Media,NY,New York
20071,1150 15th St. N.W.,202-334-6000,washpostco.com,Washington Post,DC,Washington
92880,311 Bonnie Circle,951-493-5300,watson.com,Watson Pharmaceuticals,CA,Corona
68138,14507 Frontier Rd.,402-895-6640,werner.com,Werner Enterprises,NE,Papillion
66612,818 S. Kansas Ave.,785-575-6300,westarenergy.com,Westar Energy,KS,Topeka
45202,400 Broadway,513-629-1800,westernsouthern.com,Western & Southern Financial Group,OH,Cincinnati
92630,20511 Lake Forest Dr.,949-672-7000,westerndigital.com,Western Digital,CA,Lake Forest
79901,123 W. Mills Ave.,915-534-1400,wnr.com,Western Refining,TX,El Paso
7940,5 Giralda Farms,973-660-5000,wyeth.com,Wyeth,NJ,Madison
7054,7 Sylvan Way,973-753-6000,wyndhamworldwide.com,Wyndham Worldwide,NJ,Parsippany
95124,2100 Logic Dr.,408-559-7778,xilinx.com,Xilinx,CA,San Jose
66211,10990 Roe Ave.,913-696-6100,yrcw.com,YRC Worldwide,KS,Leawood
40213,1441 Gardiner Lane,502-874-8300,yum.com,Yum Brands,KY,Louisville
46580,345 E. Main St.,574-267-6131,zimmer.com,Zimmer Holdings,IN,Warsaw
84111,1 S. Main St.,801-524-4787,zionsbancorporation.com,Zions Bancorp.,UT,Salt Lake City
44333,3550 W. Market St.,330-666-3751,aschulman.com,A. Schulman,OH,Fairlawn
53224,11270 W. Park Place,414-359-4000,aosmith.com,A.O. Smith,WI,Milwaukee
29602,55 E. Camperdown Way,864-271-7733,abitibibowater.com,AbitibiBowater,SC,Greenville
48108,1101 Technology Dr.,734-827-5400,affiniagroup.com,Affinia Group Intermediate Holdings,MI,Ann Arbor
30096,4205 River Green Pkwy.,770-813-9200,agcocorp.com,AGCO,GA,Duluth
95051,5301 Stevens Creek Blvd.,408-553-7777,agilent.com,Agilent Technologies,CA,Santa Clara
30309,10 Peachtree Place NE,404-584-4000,aglresources.com,AGL Resources,GA,Atlanta
32827,9955 AirTran Blvd.,407-318-5600,airtran.com,Airtran Holdings,FL,Orlando
45069,9227 Centre Pointe Dr.,513-425-5000,aksteel.com,AK Steel Holding,OH,West Chester
23219,330 S. Fourth St.,804-788-6000,albemarle.com,Albemarle,VA,Richmond
10022,390 Park Ave.,212-836-2674,alcoa.com,Alcoa,NY,New York
44122,25825 Science Park Dr.,216-910-3400,aleris.com,Aleris International,OH,Beachwood
96813,822 Bishop St.,808-525-6611,alexanderbaldwin.com,Alexander & Baldwin,HI,Honolulu
15601,800 Cabin Hill Dr.,724-837-3000,alleghenyenergy.com,Allegheny Energymnitows@alleghenyenergy.com,PA,Greensburg
15222,1000 Six PPG Place,412-394-2800,alleghenytechnologies.com,Allegheny Technologies,PA,Downtown
92612,2525 Dupont Dr.,714-246-4500,allergan.com,Allergan,CA,Irvine
27560,8001 Aerial Center Parkway,919-379-4300,aointl.com,Alliance One International,NC,Morrisville
53718,4902 N. Biltmore Ln.,608-458-3311,alliantenergy.com,Alliant Energy,WI,Madison
55436,5050 Lincoln Dr.,952-351-3000,atk.com,Alliant Techsystems,MN,Edina
85054,18500 N. Allied Way,480-627-2700,alliedwaste.com,Allied Waste Industries,AZ,Phoenix
98144,1200 12th Avenue S.,206-266-1000,amazon.com,Amazon.com,WA,Seattle
64105,920 Main St.,816-221-4000,amctheatres.com,AMC Entertainment,MO,Kansas City
48211,1 Dauch Dr.,313-758-2000,aam.com,American Axle & Manufacturing,MI,Detroit
15203,77 Hot Metal St.,412-432-3300,ae.com,American Eagle Outfitters,PA,Carson
43215,1 Riverside Plaza,614-716-1000,aep.com,American Electric Power,OH,Columbus
53783,6000 American Pkwy.,608-249-2111,amfam.com,American Family Insurance Group,WI,Madison
45202,1 E. Fourth St.,513-579-2121,afginc.com,American Financial Group,OH,Cincinnati
44144,1 American Rd.,216-252-7300,americangreetings.com,American Greetings,OH,Brooklyn
77550,1 Moody Plaza,409-763-4661,anico.com,American National Insurance,TX,Galveston
76102,801 Cherry St.,817-302-7000,americredit.com,AmeriCredit,TX,Fort Worth
23462,4425 Corporation Ln.,757-490-6900,amerigroupcorp.com,Amerigroup,VA,Virginia Beach
19087,1300 Morris Dr.,610-727-7000,amerisourcebergen.com,AmerisourceBergen,PA,Radnor
19301,37 N. Valley Road,610-647-2121,ametek.com,Ametek,PA,Paoli
91320,1 Amgen Center Dr.,805-447-1000,amgen.com,Amgen,CA,Newbury Park
85286,1900 S. Price Rd.,480-821-5000,amkor.com,Amkor Technology,AZ,Chandler
6492,358 Hall Ave.,203-265-8900,amphenol.com,Amphenol,CT,Wallingford
76155,4333 Amon Carter Blvd.,817-963-1234,aa.com,AMR,TX,Fort Worth
2062,1 Technology Way,781-329-4700,analog.com,Analog Devices,MA,Norwood
43537,480 W. Dussel Dr.,419-893-5050,andersonsinc.com,Andersons,OH,Maumee
60154,"3 Westbrook Corporate Center, Ste. 900",708-236-6600,andrew.com,Andrew,IL,Westchester
10036,1211 Sixth Ave.,212-696-0100,annaly.com,Annaly Capital Management,NY,New York
10036,7 Times Square,212-541-3300,anntaylor.com,AnnTaylor Stores,NY,New York
77056,2000 Post Oak Blvd.,713-296-6000,apachecorp.com,Apache,TX,Houston
95014,1 Infinite Loop,408-996-1010,apple.com,Apple,CA,Monte Vista
92630,26220 Enterprise Court,949-639-2000,apria.com,Apria Healthcare Group,CA,Lake Forest
60014,475 W. Terra Cotta Ave.,815-477-0424,aptargroup.com,AptarGroup,IL,Crystal Lake
19107,1101 Market St.,215-238-3000,aramark.com,Aramark,PA,Philadelphia
62525,4666 Faries Pkwy.,217-424-5200,admworld.com,Archer Daniels Midland,IL,Decatur
72903,3801 Old Greenwood Rd.,479-785-6000,arkbest.com,Arkansas Best,AR,Fort Smith
17603,2500 Columbia Ave.,717-397-0611,armstrong.com,Armstrong World Industries,PA,Rohrerstown
11747,50 Marcus Dr.,631-847-2000,arrow.com,Arrow Electronics,NY,Melville
60143,2 Pierce Place,630-773-3800,ajg.com,Arthur J. Gallagher,IL,Itasca
48084,2135 W. Maple Rd.,248-435-1000,arvinmeritor.com,ArvinMeritor,MI,Troy
10017,622 Third Ave.,212-885-2500,asburyauto.com,Asbury Automotive Group,NY,New York
41012,50 E. RiverCenter Blvd.,859-815-3333,ashland.com,Ashland,KY,Covington
94903,111 McInnis Pkwy.,415-507-5000,autodesk.com,Autodesk,CA,Civic Center
48326,1320 Pacific Dr.,248-475-9000,autoliv.com,Autoliv,MI,Auburn Hills
7068,1 ADP Blvd.,973-974-5000,adp.com,Automatic Data Processing,NJ,Roseland
33301,110 S.E. Sixth St.,954-769-6000,autonation.com,AutoNation,FL,Fort Lauderdale
38103,123 S. Front St.,901-495-6500,autozone.com,AutoZone,TN,Memphis
91103,150 N. Orange Grove Blvd.,626-304-2000,averydennison.com,Avery Dennison,CA,Pasadena
7054,6 Sylvan Way,973-496-4700,avisbudgetgroup.com,Avis Budget Group,NJ,Parsippany
85034,2211 S. 47th St.,480-643-2000,avnet.com,Avnet,AZ,Phoenix
10105,1345 Sixth Ave.,212-282-5000,avoncompany.com,Avon Products,NY,New York
77019,2929 Allen Pkwy.,713-439-8600,bakerhughes.com,Baker Hughes,TX,Houston
72901,"5711 R.S. Boreham, Jr. St.",479-646-4711,baldor.com,Baldor Electric,AR,Fort Smith
80021,10 Longs Peak Dr.,303-469-3131,ball.com,Ball,CO,Westminster
28255,100 N. Tryon St.,704-386-5681,bankofamerica.com,Bank of America Corp.,NC,Charlotte
10011,122 Fifth Ave.,212-633-3300,barnesandnobleinc.com,Barnes & Noble,NY,New York
7645,225 Summit Ave.,201-930-3300,barrlabs.com,Barr Pharmaceuticals,NJ,Montvale
60015,1 Baxter Pkwy.,847-948-2000,baxter.com,Baxter International,IL,Deerfield
33414,1400 Corporate Center Way,561-791-5000,beaerospace.com,BE Aerospace,FL,West Palm Beach
1960,1 Lakeland Park Dr.,978-535-7668,beaconroofingsupply.com,Beacon Roofing Supply,MA,Peabody
10179,383 Madison Ave.,212-272-2000,bearstearns.com,Bear Stearns,NY,New York
22102,1676 International Dr.,703-747-3000,bearingpoint.com,BearingPoint,VA,West Mclean
92835,4300 N. Harbor Blvd.,714-871-4848,beckmancoulter.com,Beckman Coulter,CA,Fullerton
7417,1 Becton Dr.,201-847-6800,bd.com,Becton Dickinson,NJ,Franklin Lakes
7083,650 Liberty Ave.,908-688-0888,bedbathandbeyond.com,Bed Bath & Beyond,NJ,Union
54956,1 Neenah Center,920-727-4100,bemis.com,Bemis,WI,Neenah
77515,3000 Technology Dr.,979-849-6550,bench.com,Benchmark Electronics,TX,Angleton
68131,1440 Kiewit Plaza,402-346-1400,berkshirehathaway.com,Berkshire Hathaway,NE,Omaha
55423,7601 Penn Ave. S.,612-291-1000,bestbuy.com,Best Buy,MN,Richfield
2142,14 Cambridge Center,617-679-2000,biogenidec.com,Biogen Idec,MA,Cambridge
46582,56 E. Bell Dr.,574-267-6639,biomet.com,Biomet,IN,Warsaw
77041,4601 Westway Pk. Blvd.,713-462-4239,bjservices.com,BJ Services,TX,Houston
1760,1 Mercer Rd.,508-651-7400,bjs.com,BJ's Wholesale Club,MA,Natick
21286,701 E. Joppa Rd.,410-716-3900,bdk.com,Black & Decker,MD,Towson
10022,40 E. 52nd St.,212-810-5300,blackrock.com,BlackRock,NY,New York
10154,345 Park Ave.,212-583-5000,blackstone.com,Blackstone Group,NY,New York
75270,1201 Elm St.,214-854-3000,blockbuster.com,Blockbuster,TX,Dallas
43207,3776 S. High St.,614-491-2225,bobevans.com,Bob Evans Farms,OH,Columbus
17402,2801 E. Market St.,717-757-7660,bonton.com,Bon-Ton Stores,PA,East York
48108,100 Phoenix Dr.,734-477-1100,bordersgroupinc.com,Borders Group,MI,Ann Arbor
48326,3850 Hamlin Rd.,248-754-9200,borgwarner.com,BorgWarner,MI,Auburn Hills
1760,1 Boston Scientific Place,508-650-8000,bostonscientific.com,Boston Scientific,MA,Natick
89169,3883 Howard Hughes Parkway,702-792-7200,boydgaming.com,Boyd Gaming,NV,Las Vegas
53222,12301 W. Wirth St.,414-259-5333,briggsandstratton.com,Briggs & Stratton,WI,Milwaukee
46168,2601 Metropolis Parkway,317-707-2355,brightpoint.com,Brightpoint,IN,Avon
75240,6820 L.B.J. Freeway,972-980-9917,brinker.com,Brinker International,TX,Dallas
23226,1801 Bayberry Court,804-289-9600,brinkscompany.com,Brink's,VA,Richmond
10154,345 Park Ave.,212-546-4000,bms.com,Bristol-Myers Squibb,NY,New York
60611,330 N. Wabash Ave.,312-977-3700,brookdaleliving.com,Brookdale Senior Living,IL,Chicago
63105,8300 Maryland Ave.,314-854-4000,brownshoe.com,Brown Shoe,MO,Clayton
40210,850 Dixie Hwy.,502-585-1100,brown-forman.com,Brown-Forman,KY,Louisville
94111,4 Embarcadero Center,415-627-9100,bmhc.com,Building Materials Holding,CA,San Francisco
33126,5505 Blue Lagoon Dr.,305-378-3000,bk.com,Burger King Holdings,FL,Miami
8016,1830 Route 130 N.,609-387-7800,burlingtoncoatfactory.com,Burlington Coat Factory,NJ,Burlington
76131,2650 Lou Menk Dr.,800-795-2673,bnsf.com,Burlington Northern Santa Fe,TX,Fort Worth
55347,14701 Charlson Rd.,952-937-8500,chrobinson.com,C.H. Robinson Worldwide,MN,Eden Prairie
7974,730 Central Ave.,908-277-8000,crbard.com,C.R. Bard,NJ,New Providence
11749,1 CA Plaza,631-342-6000,ca.com,CA,NY,Islandia
69160,1 Cabela Dr.,308-254-5505,cabelas.com,Cabela's,NE,Sidney
11714,1111 Stewart Ave.,516-803-2300,cablevision.com,Cablevision Systems,NY,Bethpage
2210,2 Seaport Lane,617-345-0100,cabot-corp.com,Cabot,MA,Boston
22201,1100 N. Glebe Rd.,703-841-7800,caci.com,CACI International,VA,Arlington
95113,50 W. San Fernando St.,408-995-5115,calpine.com,Calpine,CA,San Jose
46214,2780 Waterford Pkwy. E. Dr.,317-328-5660,calumetspecialty.com,Calumet Specialty Products,IN,Eagle Creek
8103,1 Campbell Place,856-342-4800,campbellsoupcompany.com,Campbell Soup,NJ,Camden
43017,7000 Cardinal Place,614-757-5000,cardinal.com,Cardinal Health,OH,Dublin
28277,13925 Ballantyne Corporate Place,704-501-1100,carlisle.com,Carlisle,NC,Charlotte
23238,12800 Tuckahoe Creek Pkwy.,804-747-0422,carmax.com,CarMax,VA,Richmond
19610,2 Meridian Blvd.,610-208-2000,cartech.com,Carpenter Technology,PA,Wyomissing
50021,1 Convenience Blvd.,515-965-6100,caseys.com,Casey's General Stores,IA,Ankeny
61629,100 N.E. Adams St.,309-675-1000,cat.com,Caterpillar,IL,Peoria
90025,11150 Santa Monica Blvd.,310-405-8900,cbre.com,CB Richard Ellis Group,CA,Los Angeles
37088,305 Hartmann Dr.,615-443-5533,cbrlgroup.com,CBRL Group,TN,Lebanon
75234,1601 W. L.B.J. Freeway,972-443-4000,celanese.com,Celanese,TX,Farmers Branch
63105,7711 Carondelet Ave.,314-725-4477,centene.com,Centene,MO,Clayton
77002,1111 Louisiana St.,713-207-1111,centerpointenergy.com,CenterPoint Energy,TX,Houston
75201,2728 N. Harwood St.,214-981-5000,centex.com,Centex,TX,Dallas
94597,1340 Treat Blvd.,925-948-4000,centralgardenandpet.com,Central Garden & Pet,CA,Walnut Creek
93940,2511 Garden Rd.,831-642-9300,centuryaluminum.com,Century Aluminum,CA,Del Rey Oaks
6901,201 Broad St.,203-595-3000,cenveo.com,Cenveo,CT,Stamford
19355,41 Moores Rd.,610-344-0200,cephalon.com,Cephalon,PA,Frazer
60015,4 Parkway N.,847-405-2400,cfindustries.com,CF Industries Holdings,IL,Deerfield
80112,9191 S. Jamaica St.,303-771-0900,ch2m.com,CH2M Hill,CO,Englewood
19020,450 Winks Lane,215-245-9100,charmingshoppes.com,Charming Shoppes,PA,Bensalem
6749,199 Benson Road,203-573-2000,chemtura.com,Chemtura,CT,Middlebury
33966,11215 Metro Pkwy.,239-277-6200,chicos.com,Chico's FAS,FL,Fort Myers
45202,250 E. Fifth St.,513-784-8000,chiquita.com,Chiquita Brands International,OH,Cincinnati
55077,5500 Cenex Dr.,651-355-6000,chsinc.com,CHS,MN,Inver Grove Heig
7061,15 Mountain View Rd.,908-903-2000,chubb.com,Chubb,NJ,Warren
8543,469 N. Harrison St.,609-683-5900,churchdwight.com,Church & Dwight,NJ,Princeton
19192,2 Liberty Place,215-761-1000,cigna.com,Cigna,PA,Philadelphia
45014,6200 S. Gilmore Rd.,513-870-2000,cinfin.com,Cincinnati Financial,OH,Fairfield
75093,3900 Dallas Pkwy.,972-665-1000,cinemark.com,Cinemark Holdings,TX,Plano
45262,6800 Cintas Blvd.,513-459-1200,cintas.com,Cintas,OH,Cincinnati
23233,9950 Mayland Dr.,804-486-4000,circuitcity.com,Circuit City Stores,VA,Ridge
95134,170 W. Tasman Dr.,408-526-4000,cisco.com,Cisco Systems,CA,San Jose
10017,505 Fifth Ave.,212-771-0505,cit.com,CIT Group,NY,New York
6905,3 High Ridge Park,203-614-5600,czn.net,Citizens Communications,CT,Ridgeway
78209,200 E. Basse Rd.,210-822-2828,clearchannel.com,Clear Channel Communications,TX,Alamo Heights
44114,1100 Superior Ave.,216-694-5700,cleveland-cliffs.com,Cleveland-Cliffs,OH,Cleveland
94612,1221 Broadway,510-271-7000,thecloroxcompany.com,Clorox,CA,Oakland
60606,20 S. Wacker Dr.,312-930-1000,cmegroup.com,CME Group,IL,Chicago
49201,1 Energy Plaza,517-788-0550,cmsenergy.com,CMS Energy,MI,Jackson
10001,516 W. 34th St.,212-594-1850,coach.com,Coach,NY,New York
30339,2500 Windy Ridge Pkwy.,770-989-3000,cokecce.com,Coca-Cola Enterprises,GA,Atlanta
7666,500 Frank W. Burr Blvd.,201-801-0233,cognizant.com,Cognizant Technology Solutions,NJ,Teaneck
10022,300 Park Ave.,212-310-2000,colgate.com,Colgate-Palmolive,NY,New York
36117,100 Colonial Bank Blvd.,334-676-5000,colonialbank.com,Colonial Bancgroup,AL,Montgomery
19103,1 Comcast Center,215-286-1700,comcast.com,Comcast,PA,Philadelphia
75201,1717 Main St.,214-969-6476,comerica.com,Comerica,TX,Dallas
8034,1701 Rt. 70 E.,856-751-9000,commerceonline.com,Commerce Bancorp,NJ,Cherry Hill
1570,211 Main St.,508-943-9000,commerceinsurance.com,Commerce Group,MA,Dudley Hill
75039,6565 N. MacArthur Blvd.,214-689-4300,cmc.com,Commercial Metals,TX,Irving
37067,4000 Meridian Blvd.,615-465-7000,chs.net,Community Health Systems,TN,Franklin
77079,11700 Old Katy Rd.,281-372-2300,completeproduction.com,Complete Production Services,TX,Houston
22042,3170 Fairview Park Dr.,703-876-1000,csc.com,Computer Sciences,VA,Mosby
77079,600 N. Dairy Ashford Rd.,281-293-1000,conocophillips.com,ConocoPhillips,TX,Houston
46032,11825 N. Pennsylvania St.,317-817-6100,conseco.com,Conseco,IN,Carmel
15241,1800 Washington Rd.,412-831-4000,consolenergy.com,Consol Energy,PA,Upper Saint Clai
10003,4 Irving Place,212-460-4600,conedison.com,Consolidated Edison,NY,New York
21202,750 E. Pratt St.,410-783-2800,constellation.com,Constellation Energy,MD,Baltimore
77002,1600 Smith St.,713-324-2950,continental.com,Continental Airlines,TX,Houston
45202,201 E. 4th St.,513-723-7000,convergys.com,Convergys,OH,Cincinnati
94403,2855 Campus Dr.,650-378-5200,con-way.com,Con-way,CA,San Mateo
45840,701 Lima Ave.,419-423-1321,coopertire.com,Cooper Tire & Rubber,OH,Findlay
48375,39550 Orchard Hill Place Dr.,248-596-5900,cooperstandard.com,Cooper-Standard Holdings,MI,Novi
60154,5 Westbrook Corporate Ctr.,708-551-2600,cornproducts.com,Corn Products International,IL,Westchester
14831,1 Riverfront Plaza,607-974-9000,corning.com,Corning,NY,Corning
98027,999 Lake Dr.,425-313-8100,costco.com,Costco Wholesale,WA,Issaquah
61702,1701 N. Towanda Ave.,309-821-3000,countryfinancial.com,Country Insurance & Fin. Svcs.,IL,Bloomington
91302,4500 Park Granada,818-225-3000,countrywide.com,Countrywide Financial,CA,Calabasas
8540,210 Carnegie Center,609-452-4440,covance.com,Covance,NJ,Princeton
6902,100 First Stamford Pl.,203-363-7300,craneco.com,Crane,CT,Stamford
75201,2501 Cedar Springs Rd.,214-953-9500,crosstexenergy.com,Crosstex Energy,TX,Dallas
19154,1 Crown Way,215-698-5100,crowncork.com,Crown Holdings,PA,Philadelphia
85012,645 E. Missouri Ave.,602-265-9200,cskauto.com,CSK Auto,AZ,Phoenix
53705,5910 Mineral Point Rd.,608-238-5851,cunamutual.com,CUNA Mutual Group,WI,Madison
77479,2277 Plaza Dr.,281-207-3200,cvrenergy.com,CVR Energy,TX,Sugar Land
2895,1 CVS Dr.,401-765-1500,cvs.com,CVS Caremark,RI,North Smithfield
7424,5 Garret Mountain Plaza,973-357-3100,cytec.com,Cytec Industries,NJ,West Paterson
76102,301 Commerce St.,817-390-8200,drhorton.com,D.R. Horton,TX,Fort Worth
20006,2099 Pennsylvania Ave. N.W.,202-828-0850,danaher.com,Danaher,DC,Washington
32809,5900 Lake Ellenor Dr.,407-245-4000,darden.com,Darden Restaurants,FL,Pine Castle
90245,601 Hawaii St.,310-536-2400,davita.com,DaVita,CA,El Segundo
61265,1 John Deere Place,309-765-8000,johndeere.com,Deere,IL,Moline
94105,1 Market St.,415-247-3000,delmonte.com,Del Monte Foods,CA,San Francisco
78682,1 Dell Way,512-338-4400,dell.com,Dell,TX,Round Rock
30354,1030 Delta Blvd.,404-715-2600,delta.com,Delta Air Lines,GA,Hapeville
17405,221 W. Philadelphia St.,717-845-7511,dentsply.com,Dentsply International,PA,York
73102,20 N. Broadway,405-235-3611,devonenergy.com,Devon Energy,OK,Oklahoma City
15275,300 Industry Dr.,724-273-3400,dickssportinggoods.com,Dick's Sporting Goods,PA,Pittsburgh
90245,2230 E. Imperial Highway,310-964-5000,directv.com,DirecTV Group,CA,El Segundo
80112,9601 S. Meridian Blvd.,303-723-1000,dishnetwork.com,DISH Network,CO,Englewood
91362,1 Dole Dr.,818-879-6600,dole.com,Dole Food,CA,Westlake Village
37072,100 Mission Ridge,615-855-4000,dollargeneral.com,Dollar General,TN,Goodlettsville
23320,500 Volvo Parkway,757-321-5000,dollartree.com,Dollar Tree,VA,Chesapeake
23219,120 Tredegar St.,804-819-2000,dom.com,Dominion Resources,VA,Richmond
55431,1400 W. 94 St.,952-887-3131,donaldson.com,Donaldson,MN,Bloomington
77043,1200 W. Sam Houston Pkwy. N.,713-467-2221,dresser-rand.com,Dresser-Rand Group,TX,Houston
64105,333 W. 11th St.,816-435-1000,dstsystems.com,DST Systems,MO,Kansas City
10001,440 Ninth Ave.,212-273-5700,duanereade.com,Duane Reade Holdings,NY,New York
28202,526 S. Church St.,704-594-6200,duke-energy.com,Duke Energy,NC,Charlotte
7078,103 JFK Parkway,973-921-5500,dnb.com,Dun & Bradstreet,NJ,Short Hills
22042,3190 Fairview Park Dr.,571-722-0210,dyn-intl.com,DynCorp International,VA,Mosby
45202,312 Walnut St.,513-977-3000,scripps.com,E.W. Scripps,OH,Cincinnati
44114,1111 Superior Ave.,216-523-5000,eaton.com,Eaton,OH,Cleveland
95125,2145 Hamilton Ave.,408-376-7400,ebay.com,eBay,CA,San Jose
55102,370 Wabasha St. N.,651-293-2233,ecolab.com,Ecolab,MN,Saint Paul
91770,2244 Walnut Grove Ave.,626-302-2222,edison.com,Edison International,CA,Rosemead
94065,209 Redwood Shores Pkwy.,650-628-1500,ea.com,Electronic Arts,CA,Redwood City
75024,5400 Legacy Dr.,972-604-6000,eds.com,Electronic Data Systems,TX,Plano
46285,Lilly Corporate Center,317-276-2000,lilly.com,Eli Lilly,IN,Indianapolis
66211,5454 W. 110th St.,913-323-4637,embarq.com,Embarq,KS,Leawood
6851,301 Merritt 7 Corporate Park,203-849-7800,emcorgroup.com,Emcor Group,CT,Norwalk
63136,8000 W. Florissant Ave.,314-553-2000,gotoemerson.com,Emerson Electric,MO,Jennings
63141,533 Maryville Univ. Dr.,314-985-2000,energizer.com,Energizer Holdings,MO,Creve Coeur
4260,52 Farm View Dr.,207-688-6300,energyeast.com,Energy East,ME,New Gloucester
75201,1601 Bryan St.,214-812-4600,energyfutureholdings.com,Energy Future Holdings,TX,Dallas
75219,3738 Oak Lawn Ave.,214-981-0700,energytransfer.com,Energy Transfer Equity,TX,Dallas
75201,500 N. Akard St.,214-397-3000,enscous.com,ENSCO International,TX,Dallas
77002,1111 Bagby,713-651-7000,eogresources.com,EOG Resources,TX,Houston
30309,1550 Peachtree Street N.W.,404-885-8000,equifax.com,Equifax,GA,Atlanta
16530,100 Erie Insurance Place,814-870-2000,erieinsurance.com,Erie Insurance Group,PA,Erie
10153,767 Fifth Ave.,212-572-4200,elcompanies.com,Estee Lauder,NY,New York
60603,10 S. Dearborn St.,312-394-7398,exeloncorp.com,Exelon,IL,Chicago
98005,3150 139th Ave. SE,425-679-7200,expediainc.com,Expedia,WA,Bellevue
77067,700 N. Sam Houston Pkwy. W.,832-353-1000,expressjet.com,ExpressJet Holdings,TX,Houston
75039,5959 Las Colinas Blvd.,972-444-1000,exxonmobil.com,Exxon Mobil,TX,Irving
28105,10401 Monroe Rd.,704-847-6961,familydollar.com,Family Dollar Stores,NC,Stallings
20016,3900 Wisconsin Ave. N.W.,202-752-7000,fanniemae.com,Fannie Mae,DC,Washington
55987,2001 Theurer Blvd.,507-454-5374,fastenal.com,Fastenal,MN,Goodview
48033,26555 Northwestern Highway,248-354-7700,federal-mogul.com,Federal-Mogul,MI,Southfield
38120,942 S. Shady Grove Rd.,901-818-7500,fedex.com,FedEx,TN,Memphis
66210,7500 College Blvd.,913-661-1500,ferrellgas.com,Ferrellgas Partners,KS,Lenexa
44114,1000 Lakeside Ave.,216-641-8580,ferro.com,Ferro,OH,Cleveland
32204,601 Riverside Ave.,904-854-8100,fnf.com,Fidelity National Financial,FL,Jacksonville
32204,601 Riverside Ave.,904-854-8100,fidelityinfoservices.com,Fidelity National Information Services,FL,Jacksonville
45263,38 Fountain Square Plaza,513-534-5300,53.com,Fifth Third Bancorp,OH,Cincinnati
80111,6200 S. Quebec St.,303-967-8000,firstdatacorp.com,First Data,CO,Cherry Hills Vil
38103,165 Madison Ave.,901-523-4444,fhnc.com,First Horizon National Corp.,TN,Memphis
53045,255 Fiserv Dr.,262-879-5000,fiserv.com,Fiserv,WI,Brookfield
92503,3125 Myers St.,951-351-3500,fleetwood.com,Fleetwood Enterprises,CA,Riverside
75039,5215 N. O'Connor Blvd.,972-443-6500,flowserve.com,Flowserve,TX,Irving
75039,6700 Las Colinas Blvd.,469-398-7000,fluor.com,Fluor,TX,Irving
77067,1803 Gears Rd.,281-591-4000,fmctechnologies.com,FMC Technologies,TX,Houston
10022,909 Third Ave.,212-421-7850,frx.com,Forest Laboratories,NY,New York
60015,520 Lake Cook Rd.,847-484-4400,fortunebrands.com,Fortune Brands,IL,Deerfield
33408,700 Universe Blvd.,561-694-4000,fplgroup.com,FPL Group,FL,North Palm Beach
22102,8200 Jones Branch Dr.,703-903-2000,freddiemac.com,Freddie Mac,VA,West Mclean
38118,4300 New Getwell Rd.,901-365-8880,fredsinc.com,Fred's,TN,Memphis
85004,1 N. Central Ave.,602-366-8100,fcx.com,Freeport-McMoRan Copper & Gold,AZ,Phoenix
77024,10000 Memorial Dr.,713-688-9600,frontieroil.com,Frontier Oil,TX,Houston
63105,101 S. Hanley Rd.,314-863-1100,furniturebrands.com,Furniture Brands International,MO,Clayton
22107,7950 Jones Branch Dr.,703-854-6000,gannett.com,Gannett,VA,McLean
94105,2 Folsom St.,650-952-4400,gapinc.com,Gap,CA,San Francisco
41076,4 Tesseneer Dr.,859-572-8000,generalcable.com,General Cable,KY,Newport
6828,3135 Easton Turnpike,203-373-2211,ge.com,General Electric,CT,Fairfield
60606,110 N. Wacker Dr.,312-960-5000,ggp.com,General Growth Properties,IL,Chicago
55426,1 General Mills Blvd.,763-764-7600,generalmills.com,General Mills,MN,Saint Louis Park
48265,300 Renaissance Center,313-556-5000,gm.com,General Motors,MI,Detroit
23230,6620 W. Broad St.,804-281-6000,genworth.com,Genworth Financial,VA,West End
2142,500 Kendall St.,617-252-7500,genzyme.com,Genzyme,MA,Cambridge
30346,115 Perimeter Center Place,770-395-4500,ggc.com,Georgia Gulf,GA,Atlanta
2453,800 South St.,781-894-8800,globalp.com,Global Partners,MA,Waltham
48265,200 Renaissance Center,313-556-5000,gmacfs.com,GMAC,MI,Detroit
10004,85 Broad St.,212-902-1000,gs.com,Goldman Sachs Group,NY,Governors Island
44316,1144 E. Market St.,330-796-2121,goodyear.com,Goodyear Tire & Rubber,OH,Akron
17402,2401 Pleasant Valley Rd.,717-849-8500,grahampackaging.com,Graham Packaging,PA,East York
95076,585 W. Beach St.,831-724-1011,graniteconstruction.com,Granite Construction,CA,La Selva Beach
63105,34 N. Meramec Ave.,314-573-9200,graybar.com,Graybar Electric,MO,Clayton
7645,2 Paragon Dr.,201-573-9700,aptea.com,Great Atlantic & Pacific Tea,NJ,Montvale
64106,1201 Walnut St.,816-556-2200,greatplainsenergy.com,Great Plains Energy,MO,Kansas City
77024,950 Echo Lane,713-647-5700,group1auto.com,Group 1 Automotive,TX,Houston
10004,7 Hanover Square,212-598-8000,guardianlife.com,Guardian Life Ins. Co. of America,NY,Governors Island
90021,1444 S. Alameda St.,213-765-3100,guess.com,Guess,CA,Los Angeles
64105,1 H&amp;R Block Way,816-854-3000,hrblock.com,H&R Block,MO,Kansas City
15219,600 Grant St.,412-456-5700,heinz.com,H.J. Heinz,PA,Uptown
77010,1401 McKinney St.,713-759-2600,halliburton.com,Halliburton,TX,Houston
53208,3700 W. Juneau Ave.,414-342-4680,harley-davidson.com,Harley-Davidson,WI,Milwaukee
20004,1101 Pennsylvania Ave. N.W.,202-393-1101,harman.com,Harman International Industries,DC,Washington
17011,350 Poplar Church Rd.,717-763-7064,harsco.com,Harsco,PA,Shiremanstown
6155,1 Hartford Plaza,860-547-5000,thehartford.com,Hartford Financial Services,CT,Hartford
2862,1027 Newport Ave.,401-431-8697,hasbro.com,Hasbro,RI,Pawtucket
48168,15300 Centennial Dr.,734-737-5000,hayes-lemmerz.com,Hayes Lemmerz,MI,Northville
77040,13403 NW Freeway,713-690-7300,hcc.com,HCC Insurance Holdings,TX,Jersey Village
34108,5811 Pelican Bay Blvd.,239-598-3131,hma.com,Health Management Associates,FL,Naples
91367,21650 Oxnard St.,818-676-6000,healthnet.com,Health Net,CA,Woodland Hills
20850,800 King Farm Blvd.,301-548-2900,healthextras.com,HealthExtras,MD,Rockville
35243,1 HealthSouth Pkwy.,205-967-7116,healthsouth.com,HealthSouth,AL,Cahaba Heights
74119,1437 S. Boulder Ave.,918-742-5531,hpinc.com,Helmerich & Payne,OK,Tulsa
11747,135 Duryea Rd.,631-843-5500,henryschein.com,Henry Schein,NY,Melville
19894,1313 N. Market St.,302-594-5000,herc.com,Hercules,DE,Wilmington
17033,100 Crystal A Dr.,717-534-4200,hersheys.com,Hershey,PA,Hershey
7656,225 Brae Blvd.,201-307-2000,hertz.com,Hertz Global Holdings,NJ,Park Ridge
10036,1185 Ave. of the Americas,212-997-8500,hess.com,Hess,NY,New York
60069,100 Half Day Rd.,847-295-5000,hewitt.com,Hewitt Associates,IL,Prairie View
94304,3000 Hanover St.,650-857-1501,hp.com,Hewlett-Packard,CA,Palo Alto
43215,180 E. Broad St.,614-225-4000,hexion.com,Hexion Specialty Chemicals,OH,Columbus
47006,1069 State Rte. 46 E.,812-934-7000,hillenbrand.com,Hill-Rom Holdings,IN,Batesville
52761,408 E. Second St.,563-272-7400,hnicorp.com,HNI,IA,Muscatine
75201,100 Crescent Court,214-871-3555,hollycorp.com,Holly,TX,Dallas
30339,2455 Paces Ferry Rd. N.W.,770-433-8211,homedepot.com,Home Depot,GA,Atlanta
55912,1 Hormel Place,507-437-5611,hormelfoods.com,Hormel Foods,MN,Austin
20817,6903 Rockledge Dr.,240-744-1000,hosthotels.com,Host Hotels & Resorts,MD,West Bethesda
7701,110 W. Front St.,732-747-7800,khov.com,Hovnanian Enterprises,NJ,Suburban
60515,3050 Highland Pkwy.,630-271-3600,hubgroup.com,Hub Group,IL,Downers Grove
6477,584 Derby Milford Rd.,203-799-4100,hubbell.com,Hubbell,CT,Orange
43287,41 S. High St.,614-480-8300,huntington.com,Huntington Bancshares,OH,Columbus
84108,500 Huntsman Way,801-584-5700,huntsman.com,Huntsman,UT,Salt Lake City
10011,555 W. 18th St.,212-314-7300,iac.com,IAC/InterActiveCorp,NY,New York
37067,117 Seaboard Lane,615-844-2747,iasishealthcare.com,Iasis Healthcare,TN,Franklin
75261,2200 W. Airfield Dr.,972-453-7000,idearc.com,Idearc,TX,Dallas/Ft. Worth Airport
7102,520 Broad St.,973-438-1000,idt.net,IDT,NJ,Newark
19355,70 Valley Stream Pkwy.,610-296-8000,ikon.com,Ikon Office Solutions,PA,Frazer
60026,3600 W. Lake Ave.,847-724-7500,itw.com,Illinois Tool Works,IL,Glenview Nas
91101,888 E. Walnut St.,800-669-2300,imb.com,IndyMac Bancorp,CA,Pasadena
92705,1600 E. St. Andrew Place,714-566-1000,ingrammicro.com,Ingram Micro,CA,Cowan Heights
95054,2200 Mission College Blvd.,408-765-8080,intel.com,Intel,CA,Santa Clara
6830,1 Pickwick Plaza,203-618-5800,interactivebrokers.com,Interactive Brokers Group,CT,Byram
10504,1 New Orchard Rd.,914-499-1900,ibm.com,International Business Machines,NY,Armonk
89521,9295 Prototype Dr.,775-448-7777,igt.com,International Game Technology,NV,Reno
10036,1114 Sixth Ave.,212-704-1200,interpublic.com,Interpublic Group,NY,New York
2111,745 Atlantic Ave.,617-535-4766,ironmountain.com,Iron Mountain,MA,Boston
10604,4 W. Red Oak Lane,914-641-2000,itt.com,ITT,NY,East White Plain
72745,615 J.B. Hunt Corporate Dr.,479-820-0000,jbhunt.com,J.B. Hunt Transport Services,AR,Lowell
44667,1 Strawberry Lane,330-682-3000,smucker.com,J.M. Smucker,OH,Orrville
10017,270 Park Ave.,212-270-6000,jpmorganchase.com,J.P. Morgan Chase & Co.,NY,New York
33716,10560 Dr. Martin Luther King Jr. St. N.,727-577-9749,jabil.com,Jabil Circuit,FL,Saint Petersburg
92123,9330 Balboa Ave.,858-571-2121,jackinthebox.com,Jack in the Box,CA,San Diego
91105,1111 S. Arroyo Pkwy.,626-578-3500,jacobs.com,Jacobs Engineering Group,CA,Pasadena
10580,555 Theodore Fremd Ave.,914-967-9400,jarden.com,Jarden,NY,Rye
11375,118-29 Queens Blvd.,718-286-7900,jetblue.com,JetBlue Airways,NY,Forest Hills
44236,5555 Darrow Road,330-656-2600,joann.com,Jo Ann Stores,OH,Hudson
8933,1 Johnson &amp; Johnson Plaza,732-524-0400,jnj.com,Johnson & Johnson,NJ,New Brunswick
53201,5757 N. Green Bay Ave.,414-524-1200,johnsoncontrols.com,Johnson Controls,WI,Milwaukee
53177,8310 16th St.,262-631-4001,johnsondiversey.com,JohnsonDiversey,WI,Sturtevant
10018,1411 Broadway,212-642-3860,jny.com,Jones Apparel Group,NY,New York
60601,200 E. Randolph Dr.,312-782-5800,joneslanglasalle.com,Jones Lang LaSalle,IL,Chicago
53202,100 E. Wisconsin Ave.,414-319-8500,joyglobal.com,Joy Global,WI,Milwaukee
94089,1194 N. Mathilda Ave.,408-745-2000,juniper.net,Juniper Networks,CA,Sunnyvale
64105,427 W. 12th St.,816-983-1303,kcsouthern.com,Kansas City Southern,MO,Kansas City
90024,10990 Wilshire Blvd.,310-231-4000,kbhome.com,KB Home,CA,Los Angeles
77002,601 Jefferson St.,713-753-3011,kbr.com,KBR,TX,Houston
49016,1 Kellogg Square,269-961-2000,kelloggcompany.com,Kellogg,MI,Battle Creek
48084,999 W. Big Beaver Rd.,248-362-4444,kellyservices.com,Kelly Services,MI,Troy
15650,1600 Technology Way,724-539-5000,kennametal.com,Kennametal,PA,Latrobe
44114,127 Public Square,216-689-6300,key.com,KeyCorp,OH,Cleveland
95134,160 Rio Robles,408-875-3000,kla-tencor.com,Kla-Tencor,CA,San Jose
77002,500 Dallas St.,713-369-9000,kindermorgan.com,Knight,TX,Houston
6510,1 Columbus Plaza,203-752-4000,kofc.org,Knights of Columbus,CT,New Haven
53051,N56 W17000 Ridgewood Dr.,262-703-7000,kohls.com,Kohl's,WI,Menomonee Falls
45202,1014 Vine St.,513-762-4000,kroger.com,Kroger,OH,Cincinnati
27215,358 S. Main St.,336-229-1127,labcorp.com,Laboratory Corp. of America,NC,Glen Raven
63101,720 Olive St.,314-342-0500,thelacledegroup.com,Laclede Group,MO,Saint Louis
55126,4001 Lexington Ave. N.,651-481-2222,landolakesinc.com,Land O'Lakes,MN,Shoreview
23060,5600 Cox Rd.,804-267-8000,landam.com,LandAmerica Financial Group,VA,Glen Allen
48162,1284 N. Telegraph Rd.,734-242-1444,la-z-boy.com,La-Z-Boy,MI,Monroe
92121,10307 Pacific Center Ct.,858-882-6000,leapwireless.com,Leap Wireless International,CA,San Diego
64836,1 Leggett Rd.,417-358-8131,leggett.com,Leggett & Platt,MO,Carthage
10019,745 Seventh Ave.,212-526-7000,lehman.com,Lehman Brothers Holdings,NY,New York
33172,700 N.W. 107th Ave.,305-559-4000,lennar.com,Lennar,FL,Miami
75080,2140 Lake Park Blvd.,972-497-5000,lennoxinternational.com,Lennox International,TX,Richardson
80021,1025 Eldorado Blvd.,720-888-1000,level3.com,Level 3 Communications,CO,Westminster
94111,1155 Battery St.,415-501-6000,levistrauss.com,Levi Strauss,CA,San Francisco
40550,740 W. New Circle Rd.,859-232-2000,lexmark.com,Lexmark International,KY,Lexington
80112,12300 Liberty Blvd.,303-220-6600,lgi.com,Liberty Global,CO,Englewood
80112,12300 Liberty Blvd.,720-875-5400,libertymedia.com,Liberty Media,CO,Englewood
37027,103 Powell Ct.,615-372-8500,lifepointhospitals.com,LifePoint Hospitals,TN,Brentwood
44117,22801 St. Clair Ave.,216-481-8100,lincolnelectric.com,Lincoln Electric Holdings,OH,Euclid
19087,150 N. Radnor Chester Rd.,484-583-1400,lfg.com,Lincoln National,PA,Radnor
97501,360 E. Jackson St.,541-776-6868,lithia.com,Lithia Motors,OR,West Main
10018,1441 Broadway,212-354-4900,lizclaiborne.com,Liz Claiborne,NY,New York
20817,6801 Rockledge Dr.,301-897-6000,lockheedmartin.com,Lockheed Martin,MD,West Bethesda
10021,667 Madison Ave.,212-521-2000,loews.com,Loews,NY,New York
94596,141 N. Civic Dr.,925-937-1170,longs.com,Longs Drug Stores,CA,Walnut Creek
37219,414 Union St.,615-986-5600,lpcorp.com,Louisiana-Pacific,TN,Nashville
28117,1000 Lowe's Blvd.,704-758-1000,lowes.com,Lowe's,NC,Mooresville
44092,29400 Lakeland Blvd.,440-943-4200,lubrizol.com,Lubrizol,OH,Wickliffe
6001,55 Nod Rd.,860-507-1900,magellanhealth.com,Magellan Health Services,CT,Avon
54221,2400 S. 44th St.,920-684-4410,manitowoc.com,Manitowoc,WI,Manitowoc
77056,5555 San Felipe Rd.,713-629-6600,marathon.com,Marathon Oil,TX,Houston
23060,4521 Highwoods Pkwy.,804-747-0136,markelcorp.com,Markel,VA,Glen Allen
10036,1166 Sixth Ave.,212-345-5000,mmc.com,Marsh & McLennan,NY,New York
27607,2710 Wycliff Rd.,919-781-4550,martinmarietta.com,Martin Marietta Materials,NC,Raleigh
48180,21001 Van Born Rd.,313-274-7400,masco.com,Masco,MI,Taylor
1111,1295 State St.,413-788-8411,massmutual.com,Massachusetts Mutual Life Insurance,MA,Springfield
10577,2000 Purchase St.,914-249-2000,mastercard.com,MasterCard,NY,Purchase
90245,333 Continental Blvd.,310-252-2000,mattel.com,Mattel,CA,El Segundo
21152,18 Loveton Circle,410-771-7301,mccormick.com,McCormick,MD,Glencoe
60523,McDonald's Plaza,630-623-3000,mcdonalds.com,McDonald's,IL,Oak Brook
10020,1221 Sixth Ave.,212-512-2000,mcgraw-hill.com,McGraw-Hill,NY,New York
94104,1 Post St.,415-983-8300,mckesson.com,McKesson,CA,San Francisco
80237,4350 S. Monaco St.,303-773-1100,richmondamerican.com,MDC Holdings,CO,Denver
44115,2060 E. Ninth St.,216-687-7000,medmutual.com,Medical Mutual of Ohio,OH,Cleveland
55432,710 Medtronic Pkwy.,763-514-4000,medtronic.com,Medtronic,MN,Fridley
63376,501 Pearl Drive,636-474-5000,memc.com,MEMC Electronic Materials,MO,Saint Peters
85255,17851 N. 85 St.,480-515-8100,meritagehomes.com,Meritage Homes,AZ,Scottsdale
10080,4 World Financial Center,212-449-1000,ml.com,Merrill Lynch,NY,New York
77056,1 Riverway,713-965-0990,metalsusa.com,Metals USA Holdings,TX,Houston
10166,200 Park Ave.,212-578-2211,metlife.com,MetLife,NY,New York
43240,1900 Polaris Pkwy.,614-438-4511,mt.com,Mettler-Toledo International,OH,Columbus
53202,250 E. Kilbourn Ave.,414-347-6480,mgic.com,MGIC Investment,WI,Milwaukee
89109,3600 Las Vegas Blvd. S.,702-693-7120,mgmmirage.com,MGM Mirage,NV,Las Vegas
83716,8000 S. Federal Way,208-368-4000,micron.com,Micron Technology,ID,Boise
30338,1155 Perimeter Center W.,678-579-5000,mirant.com,Mirant,GA,Dunwoody
30701,160 S. Industrial Blvd.,706-629-7721,mohawkind.com,Mohawk Industries,GA,Calhoun
60532,2222 Wellington Court,630-969-4550,molex.com,Molex,IL,Lisle
90802,200 Oceangate,562-435-3666,molinahealthcare.com,Molina Healthcare,CA,Long Beach
80202,1225 17th St.,303-277-6661,molsoncoors.com,Molson Coors Brewing,CO,Denver
63167,800 N. Lindbergh Blvd.,314-694-1000,monsanto.com,Monsanto,MO,St. Louis
10007,250 Greenwich St.,212-553-0300,moodys.com,Moody's,NY,New York
10036,1585 Broadway,212-761-4000,morganstanley.com,Morgan Stanley,NY,New York
55441,3033 Campus Dr.,763-577-2700,mosaicco.com,Mosaic,MN,Plymouth
60196,1303 E. Algonquin Rd.,847-576-5000,motorola.com,Motorola,IL,Schaumburg
32202,1 Independent Dr.,904-360-2000,mpsgroup.com,MPS Group,FL,Jacksonville
11747,75 Maxess Rd.,516-812-2000,mscdirect.com,MSC Industrial Direct,NY,Melville
30328,1200 Abernathy Road N.E.,770-206-4200,muellerwaterproducts.com,Mueller Water Products,GA,Sandy Springs
68175,Mutual of Omaha Plaza,402-342-7600,mutualofomaha.com,Mutual of Omaha Insurance,NE,Omaha
15317,1500 Corporate Dr.,724-514-1800,mylan.com,Mylan,PA,Mc Murray
44124,5875 Landerbrook Dr.,440-449-9600,nacco.com,Nacco Industries,OH,Lyndhurst Mayfie
60563,1601 W. Diehl Rd.,630-305-1000,nalco.com,Nalco Holding,IL,Naperville
10006,1 Liberty Plaza,212-401-8700,nasdaq.com,Nasdaq OMX Group,NY,New York
5604,1 National Life Dr.,802-229-3333,nationallife.com,National Life Group,VT,Montpelier
95052,2900 Semiconductor Dr.,408-721-5000,national.com,National Semiconductor,CA,Santa Clara
43215,1 Nationwide Plaza,614-249-7111,nationwide.com,Nationwide,OH,Columbus
11716,90 Orville Dr.,631-567-9500,nbty.com,NBTY,NY,Bohemia
75201,1618 Main St.,214-743-7600,neimanmarcus.com,Neiman Marcus,TX,Dallas
68508,121 S. 13th St.,402-458-2370,nelnet.net,Nelnet,NE,Lincoln
94089,495 E. Java Dr.,408-822-6000,netapp.com,NetApp,CA,Sunnyvale
11590,615 Merrick Ave.,516-683-4100,mynycb.com,New York Community Bancorp,NY,Westbury
10018,620 8th Ave.,212-556-1234,nytco.com,New York Times,NY,New York
30328,10 B Glenlake Pkwy.,770-407-3800,newellrubbermaid.com,Newell Rubbermaid,GA,Sandy Springs
77060,363 N. Sam Houston Pkwy. E.,281-847-6000,newfield.com,Newfield Exploration,TX,Houston
45342,8540 Gander Creek Dr.,877-855-7243,newpagecorp.com,NewPage Holding,OH,Miamisburg
10036,1211 Sixth Ave.,212-852-7000,newscorp.com,News Corp.,NY,New York
60563,1844 Ferry Rd.,630-305-9500,nicor.com,Nicor,IL,Naperville
20191,10700 Parkridge Blvd.,703-390-5100,nii.com,NII Holdings,VA,Reston
97005,1 Bowerman Dr.,503-671-6453,nikebiz.com,Nike,OR,Beaverton
46410,801 E. 86th Ave.,877-647-5990,nisource.com,NiSource,IN,Merrillville
77067,100 Glenborough Dr.,281-872-3100,nobleenergyinc.com,Noble Energy,TX,Houston
98101,1617 Sixth Ave.,206-628-2111,nordstrom.com,Nordstrom,WA,Seattle
23510,3 Commercial Place,757-629-2680,nscorp.com,Norfolk Southern,VA,Norfolk
2903,50 Kennedy Plz.,401-751-1600,nortek-inc.com,Nortek,RI,Providence
6037,107 Selden St.,860-665-5000,nu.com,Northeast Utilities,CT,Berlin
90067,1840 Century Park E.,310-553-6262,northropgrumman.com,Northrop Grumman,CA,Los Angeles
55121,2700 Lone Oak Pkwy.,612-726-2111,nwa.com,Northwest Airlines,MN,Eagan
53202,720 E. Wisconsin Ave.,414-271-1444,northwesternmutual.com,Northwestern Mutual,WI,Milwaukee
2199,800 Boylston St.,617-424-2000,nstaronline.com,NSTAR,MA,Boston
28211,1915 Rexford Rd.,704-366-7000,nucor.com,Nucor,NC,Charlotte
95050,2701 San Tomas Expwy.,408-486-2000,nvidia.com,Nvidia,CA,Santa Clara
20190,11700 Plaza America Dr.,703-956-4000,nvrinc.com,NVR,VA,Reston
90024,10889 Wilshire Blvd.,310-208-8800,oxy.com,Occidental Petroleum,CA,Los Angeles
77041,11911 FM 529,713-329-4500,oceaneering.com,Oceaneering International,TX,Houston
33445,2200 Old Germantown Rd.,561-438-4800,officedepot.com,Office Depot,FL,Delray Beach
73101,321 N. Harvey Ave.,405-553-3000,oge.com,OGE Energy,OK,Oklahoma City
41011,100 E. RiverCenter Blvd.,859-392-3300,omnicare.com,Omnicare,KY,Covington
74103,100 W. Fifth St.,918-588-7000,oneok.com,Oneok,OK,Tulsa
23116,9120 Lockwood Blvd.,804-723-7000,owens-minor.com,Owens & Minor,VA,Mechanicsville
43551,1 Michael Owens Way,567-336-5000,o-i.com,Owens-Illinois,OH,Perrysburg
98004,777 106th Ave. N.E.,425-468-7400,paccar.com,Paccar,WA,Beaux Arts
94520,2300 Clayton Rd.,925-887-1400,pacer-international.com,Pacer International,CA,Concord
92660,700 Newport Center Dr.,949-219-3011,pacificlife.com,Pacific Life,CA,Newport Beach
60045,1900 W. Field Ct.,847-482-2000,pactiv.com,Pactiv,IL,Lake Forest
11548,2200 Northern Blvd.,516-484-5400,pall.com,Pall,NY,Greenvale
79549,4510 Lamesa Hwy.,325-574-6300,patenergy.com,Patterson-UTI Energy,TX,Dermott
14625,911 Panorama Trail S.,585-385-6666,paychex.com,Paychex,NY,Panorama
3054,730 Milford Rd.,603-683-2000,pcconnection.com,PC Connection,NH,Merrimack
48302,2555 Telegraph Rd.,248-648-2500,penskeautomotive.com,Penske Automotive Group,MI,Bloomfield Towns
55416,5500 Wayzata Blvd.,763-545-1730,pentair.com,Pentair,MN,Saint Louis Park
19132,3111 W. Allegheny Ave.,215-430-9000,pepboys.com,Pep Boys,PA,Philadelphia
20068,701 Ninth St. N.W.,202-872-2000,pepcoholdings.com,Pepco Holdings,DC,Washington
55402,60 S. Sixth St.,612-661-4000,pepsiamericas.com,PepsiAmericas,MN,Minneapolis
10577,700 Anderson Hill Rd.,914-253-2000,pepsico.com,PepsiCo,NY,Purchase
1701,73 Mt. Wayte Ave.,508-628-2000,perini.com,Perini,MA,Framingham
75075,2300 W. Plano Pkwy.,972-577-0000,perotsystems.com,Perot Systems,TX,Plano
68131,1000 Kiewit Plaza,402-342-2052,kiewit.com,Peter Kiewit Sons',NE,Omaha
85027,19601 N. 27th Ave.,623-580-6100,petm.com,PetSmart,AZ,New River Stage
8054,3000 Leadenhall Rd.,856-917-1744,phh.com,PHH,NJ,Mount Laurel
6102,1 American Row,860-403-5000,phoenixwm.com,Phoenix,CT,Hartford
28210,4720 Piedmont Row Dr.,704-364-3120,piedmontng.com,Piedmont Natural Gas,NC,Charlotte
75686,4845 U.S. Highway 271 N.,903-434-1000,pilgrimspride.com,Pilgrim's Pride,TX,Pittsburg
6926,1 Elmcroft Rd.,203-356-5000,pb.com,Pitney Bowes,CT,Stamford
77002,333 Clay St.,713-646-4100,paalp.com,Plains All American Pipeline,TX,Houston
98104,999 Third Ave.,206-467-3600,plumcreek.com,Plum Creek Timber,WA,Seattle
15222,249 Fifth Ave.,412-762-2000,pnc.com,PNC Financial Services Group,PA,Downtown
87158,Alvarado Square,505-241-2700,pnmresources.com,PNM Resources,NM,Albuquerque
55340,2100 Hwy. 55,763-542-0500,polarisindustries.com,Polaris Industries,MN,Hamel
10022,650 Madison Ave.,212-318-7000,polo.com,Polo Ralph Lauren,NY,New York
97204,121SW Salmon St.,503-464-8000,portlandgeneral.com,Portland General Electric,OR,Portland
15272,1 PPG Place,412-434-3131,ppg.com,PPG Industries,PA,Pittsburgh
18101,2 N. Ninth St.,610-774-5151,pplweb.com,PPL,PA,Allentown
97239,4650 S.W. Macadam Ave.,503-417-4800,precast.com,Precision Castparts,OR,Portland
77057,5847 San Felipe,713-789-1400,prideinternational.com,Pride International,TX,Houston
27601,410 S. Wilmington St.,919-546-6111,progress-energy.com,Progress Energy,NC,Raleigh
44143,6300 Wilson Mills Rd.,440-461-5000,progressive.com,Progressive,OH,Richmond Heights
80239,4545 Airport Way,303-567-5000,prologis.com,ProLogis,CO,Denver
35223,2801 Highway 280 S.,205-268-1000,protective.com,Protective Life,AL,Mountain Brook
33811,3300 Publix Corporate Pkwy.,863-688-1188,publix.com,Publix Super Markets,FL,Southside
98004,10885 NE 4th St.,425-454-6363,pugetenergy.com,Puget Energy,WA,Beaux Arts
48304,100 Bloomfield Hills Pkwy.,248-647-2750,pulte.com,Pulte Homes,MI,Bloomfield Towns
77027,1900 W. Loop S.,713-961-4600,quanex.com,Quanex,TX,Houston
77056,1360 Post Oak Blvd.,713-629-7600,quantaservices.com,Quanta Services,TX,Houston
7940,3 Giralda Farms,973-520-2700,questdiagnostics.com,Quest Diagnostics,NJ,Madison
84145,180 E. 100 South St.,801-324-5000,questar.com,Questar,UT,Salt Lake City
92649,15202 Graham St.,714-889-2200,quiksilverinc.com,Quiksilver,CA,Huntington Beach
80202,1801 California St.,303-992-1400,qwest.com,Qwest Communications,CO,Denver
27513,1001 Winstead Dr.,919-297-1600,rhd.com,R.H. Donnelley,NC,Cary
60606,111 S. Wacker Dr.,312-326-8000,rrdonnelley.com,R.R. Donnelley & Sons,IL,Chicago
55439,7201 Metro Blvd.,952-947-7777,regiscorp.com,Regis,MN,Edina
90071,350 S. Grand Ave.,213-687-7700,rsac.com,Reliance Steel & Aluminum,CA,Los Angeles
75024,5501 Headquarters Dr.,972-801-1100,rentacenter.com,Rent A Center,TX,Plano
33301,110 SE Sixth St.,954-769-2400,republicservices.com,Republic Services,FL,Fort Lauderdale
17011,30 Hunter Lane,717-761-2633,riteaid.com,Rite Aid,PA,Shiremanstown
30071,504 Thrasher St.,770-448-2193,rocktenn.com,Rock-Tenn,GA,Norcross
53204,1201S. Second St.,414-382-2000,rockwellautomation.com,Rockwell Automation,WI,Milwaukee
52498,400 Collins Rd. N.E.,319-295-1000,rockwellcollins.com,Rockwell Collins,IA,Cedar Rapids
8540,100 Overlook Center,609-514-0300,rocksp.com,Rockwood Holdings,NJ,Princeton
19106,100 Independence Mall W.,215-592-3000,rohmhaas.com,Rohm & Haas,PA,Philadelphia
94588,4440 Rosewood Dr.,925-965-4400,rossstores.com,Ross Stores,CA,Pleasanton
77056,2800 Post Oak Blvd.,713-621-7800,rowancompanies.com,Rowan,TX,Houston
44256,2628 Pearl Rd.,330-273-5090,rpminc.com,RPM International,OH,Medina
78130,555 IH-35 S.,830-626-5200,rushenterprises.com,Rush Enterprises,TX,Canyon Lake
91302,24025 Park Sorrento,818-223-7500,ryland.com,Ryland Group,CA,Calabasas
98154,1001 Fourth Ave.,206-545-5000,safeco.com,Safeco,WA,Seattle
94588,5918 Stoneridge Mall Rd.,925-467-3000,safeway.com,Safeway,CA,Pleasanton
92121,10260 Campus Point Dr.,858-826-6000,saic.com,SAIC,CA,San Diego
95134,2700 N. First St.,408-964-3500,sanmina-sci.com,Sanmina-SCI,CA,San Jose
60515,3500 Lacey Rd.,312-726-2600,saralee.com,Sara Lee,IL,Downers Grove
60069,250 Parkway Dr.,515-239-6000,sauer-danfoss.com,Sauer-Danfoss,IL,Prairie View
7033,2000 Galloping Hill Rd.,908-298-4000,schering-plough.com,Schering-Plough,NJ,Kenilworth
7407,200 Riverfront Blvd.,201-791-7600,sealedair.com,Sealed Air,NJ,Elmwood Park
60179,3333 Beverly Rd.,847-286-2500,searsholdings.com,Sears Holdings,IL,Hoffman Estates
55101,400 Robert St. N.,651-665-3500,securian.com,Securian Financial Group,MN,Saint Paul
7890,40 Wantage Ave.,973-948-3000,selective.com,Selective Insurance Group,NJ,Branchville
92101,101 Ash St.,619-696-2034,sempra.com,Sempra Energy,CA,San Diego
77019,1929 Allen Pkwy.,713-522-5141,sci-corp.com,Service Corp. International,TX,Houston
38120,860 Ridge Lake Blvd.,901-597-1400,svm.com,ServiceMaster,TN,Memphis
70809,4171 Essen Lane,225-932-2500,shawgrp.com,Shaw Group,LA,Baton Rouge
89511,6100 Neil Rd.,775-834-4011,sierrapacificresources.com,Sierra Pacific Resources,NV,Reno
63103,3050 Spruce St.,314-771-5765,sigmaaldrich.com,Sigma-Aldrich,MO,Saint Louis
46204,225 W. Washington St.,317-636-1600,simon.com,Simon Property Group,IN,Indianapolis
60559,700 Oakmont Lane,630-570-3000,sirva.com,Sirva,IL,Westmont
84790,444 S. River Rd.,435-634-3000,skywest.com,SkyWest,UT,St. George
77032,16740 E. Hardy Rd.,281-443-3370,smith.com,Smith International,TX,Houston
53143,2801 80th St.,262-656-5200,snapon.com,Snap-On,WI,Kenosha
60035,1700 Old Deerfield Rd.,847-831-4800,solocup.com,Solo Cup,IL,Highland Park
63141,575 Maryville Centre Dr.,314-674-1000,solutia.com,Solutia,MO,Creve Coeur
30308,30 Ivan Allen Jr. Blvd. N.W.,404-506-5000,southerncompany.com,Southern,GA,Atlanta
77056,5444 Westheimer Rd.,713-989-2000,sug.com,Southern Union,TX,Houston
19102,1500 Market St.,215-256-8601,sovereignbank.com,Sovereign Bancorp,PA,Philadelphia
94088,915 DeGuigne Dr.,408-962-2500,spansion.com,Spansion,CA,Sunnyvale
49518,850 76th St. S.W.,616-878-2000,spartanstores.com,Spartan Stores,MI,Grand Rapids
77056,5400 Westheimer Court,713-627-5400,spectraenergy.com,Spectra Energy,TX,Houston
30328,6 Concourse Pkwy.,770-829-6200,spectrumbrands.com,Spectrum Brands,GA,Sandy Springs
33309,2050 Spectrum Blvd.,954-308-7600,spherion.com,Spherion,FL,Fort Lauderdale
66251,6200 Sprint Pkwy.,800-829-0965,sprint.com,Sprint Nextel,KS,Overland Park
55117,1 Lillehei Plaza,651-483-2000,sjm.com,St. Jude Medical,MN,Little Canada
97204,1100 SW Sixth Ave.,971-321-7000,stancorpfinancial.com,StanCorp Financial,OR,Portland
6053,1000 Stanley Dr.,860-225-5111,stanleyworks.com,Stanley Works,CT,New Britain
1702,500 Staples Dr.,508-253-5000,staples.com,Staples,MA,Framingham
98134,2401 Utah Ave. S.,206-447-1575,starbucks.com,Starbucks,WA,Seattle
61710,1 State Farm Plaza,309-766-2311,statefarm.com,State Farm Insurance Cos.,IL,Bloomington
2111,1 Lincoln St.,617-786-3000,statestreet.com,State Street Corp.,MA,Boston
46804,6714 Pointe Inverness Way,260-969-3500,steeldynamics.com,Steel Dynamics,IN,Fort Wayne
77056,1980 Post Oak Blvd.,713-625-8100,stewart.com,Stewart Information Services,TX,Houston
49002,2825 Airview Blvd.,269-385-2600,stryker.com,Stryker,MI,Kalamazoo
19087,680 E. Swedesford Rd.,484-582-2000,sungard.com,SunGard Data Systems,PA,Radnor
19103,1735 Market St.,215-977-3000,SunocoInc.com,Sunoco,PA,Philadelphia
30308,303 Peachtree St. N.E.,404-588-7711,suntrust.com,SunTrust Banks,GA,Atlanta
30339,150 Interstate N. Pkwy.,770-657-6000,superioressex.com,Superior Essex,GA,Atlanta
78408,4433 Baldwin Blvd.,361-884-2463,susser.com,Susser Holdings,TX,Corpus Christi
95014,20330 Stevens Creek Blvd.,408-517-8000,symantec.com,Symantec,CA,Monte Vista
94538,44201 Nobel Dr.,510-656-3333,synnex.com,Synnex,CA,Fremont
11050,11 Harbor Park Dr.,516-608-7000,systemax.com,Systemax,NY,Port Washington
21202,100 E. Pratt St.,410-345-2000,troweprice.com,T. Rowe Price,MD,Baltimore
68127,4211 S. 102nd St.,402-331-7856,amtd.com,TD Ameritrade,NE,Ralston
33760,5350 Tech Data Dr.,727-539-7429,techdata.com,Tech Data,FL,Clearwater
33602,702 N. Franklin St.,813-228-1111,tecoenergy.com,TECO Energy,FL,Tampa
19468,155 S. Limerick Rd.,610-948-5100,teleflex.com,Teleflex,PA,Limerick
78746,1300 MoPac Expressway S.,512-434-5800,templeinland.com,Temple-Inland,TX,West Lake Hills
75240,13737 Noel Rd.,469-893-2200,tenethealth.com,Tenet Healthcare,TX,Dallas
60045,500 N. Field Dr.,847-482-5000,tenneco.com,Tenneco,IL,Lake Forest
6880,200 Nyala Farm Rd.,203-222-7170,terex.com,Terex,CT,Westport
78216,300 Concord Plaza Dr.,210-828-8484,tsocorp.com,Tesoro,TX,San Antonio
2454,81 Wyman St.,781-622-1000,thermofisher.com,Thermo Fisher Scientific,MA,Waltham
38125,8155 T&amp;B Blvd.,901-252-8000,tnb.com,Thomas & Betts,TN,Memphis
10017,730 Third Ave.,212-490-9000,tiaa-cref.org,TIAA-CREF,NY,New York
10019,1 Time Warner Center,212-484-8000,timewarner.com,Time Warner,NY,New York
44706,1835 Dueber Ave. S.W.,330-438-3000,timken.com,Timken,OH,Canton
55420,8111 Lyndale Ave. S.,952-888-8801,thetorocompany.com,Toro,MN,Bloomington
7470,1 Geoffrey Way,973-617-3500,toysrusinc.com,Toys 'R' Us,NJ,Wayne
44145,24601 Center Ridge Rd.,440-808-9100,tatravelcenters.com,TravelCenters of America,OH,Westlake
60611,435 N. Michigan Ave.,312-222-9100,tribune.com,Tribune,IL,Chicago
48150,12001 Tech Center Dr.,734-855-2600,trw.com,TRW Automotive Holdings,MI,Livonia
32837,14901 S. Orange Blossom Trail,407-826-5050,tupperwarebrands.com,Tupperware Brands,FL,Orlando
72762,2210 W. Oaklawn Dr.,479-290-4000,tysonfoodsinc.com,Tyson Foods,AR,Springdale
55402,800 Nicollet Mall,651-466-3000,usbank.com,U.S. Bancorp,MN,Minneapolis
60601,77 W. Wacker Dr.,312-997-8000,united.com,UAL,IL,Chicago
80634,7251 W. 4th St.,970-356-4400,uap.com,UAP Holding,CO,Greeley
19406,460 N. Gulph Rd.,610-337-1000,ugicorp.com,UGI,PA,King Of Prussia
19424,Unisys Way,215-986-4011,unisys.com,Unisys,PA,Blue Bell
6241,260 Lake Rd.,860-779-2800,unfi.com,United Natural Foods,CT,Dayville
30328,55 Glenlake Pkwy. N.E.,404-828-6000,ups.com,United Parcel Service,GA,Sandy Springs
6831,5 Greenwich Office Park,203-622-3131,unitedrentals.com,United Rentals,CT,Greenwich
78288,9800 Fredericksburg Rd,210-498-2211,usaa.com,United Services Automobile Assn.,TX,San Antonio
60015,1 Parkway N. Blvd.,847-627-7000,unitedstationers.com,United Stationers,IL,Deerfield
10573,6 International Dr.,914-934-5200,uafc.com,Universal American,NY,Rye Brook
49525,2801 E. Beltline N.E.,616-364-6161,ufpi.com,Universal Forest Products,MI,Grand Rapids
19406,367 S. Gulph Rd.,610-768-3300,uhsinc.com,Universal Health Services,PA,King Of Prussia
94111,600 Montgomery St.,415-774-2700,urscorp.com,URS,CA,San Francisco
20817,6903 Rockledge Dr.,301-564-3200,usec.com,USEC,MD,West Bethesda
48152,19975Victor Pkwy.,734-591-3000,valassis.com,Valassis Communications,MI,Livonia
78249,1 Valero Way,210-345-2000,valero.com,Valero Energy,TX,San Antonio
37215,20 Burton Hills Blvd.,615-665-6000,vanguardhealth.com,Vanguard Health Systems,TN,Nashville
94304,3100 Hansen Way,650-493-4000,varian.com,Varian Medical Systems,CA,Palo Alto
27408,105 Corporate Center Blvd.,336-424-6000,vfc.com,VF,NC,Greensboro
19355,63 Lancaster Ave.,610-644-1300,vishay.com,Vishay Intertechnology,PA,Frazer
48111,1 Village Center Dr.,800-847-8366,visteon.com,Visteon,MI,Belleville
10022,560 Lexington Ave.,212-704-2400,volt.com,Volt Information Sciences,NY,New York
10019,888 Seventh Ave.,212-894-7000,vno.com,Vornado Realty Trust,NY,New York
35242,1200 Urban Center Dr.,205-298-3000,vulcanmaterials.com,Vulcan Materials,AL,Shoal Creek
19380,1310 Goshen Parkway,610-431-1700,vwr.com,VWR Funding,PA,West Chester
6830,475 Steamboat Rd.,203-629-3000,wrberkley.com,W.R. Berkley,CT,Byram
21044,7500 Grace Dr.,410-531-4000,grace.com,W.R. Grace,MD,Columbia
60045,100 Grainger Pkwy.,847-535-1000,grainger.com,W.W. Grainger,IL,Lake Forest
28288,1 Wachovia Center,704-374-6565,wachovia.com,Wachovia Corp.,NC,Charlotte
60015,200 Wilmot Rd.,847-914-2500,walgreens.com,Walgreen,IL,Deerfield
72716,702 S.W. Eighth St.,479-273-4000,walmartstores.com,Wal-Mart Stores,AR,Wal-mart Inc
91521,500 S. Buena Vista St.,818-560-1000,disney.com,Walt Disney,CA,Burbank
10018,501 Seventh Ave.,212-287-8000,warnaco.com,Warnaco Group,NY,New York
10019,75 Rockefeller Plaza,212-275-2000,wmg.com,Warner Music Group,NY,New York
98101,1301 Second Ave.,206-461-2000,wamu.com,Washington Mutual,WA,Seattle
33133,2665 S. Bayshore Dr.,305-714-4100,watsco.com,Watsco,FL,Coral Gables
17801,1000 S. Second St.,570-286-4571,weismarkets.com,Weis Markets,PA,Sunbury
46204,120 Monument Circle,317-532-6000,wellpoint.com,WellPoint,IN,Indianapolis
94163,420 Montgomery St.,866-878-5865,wellsfargo.com,Wells Fargo,CA,San Francisco
43017,4288 W. Dublin-Granville Rd.,614-764-3100,wendys-invest.com,Wendy's International,OH,Dublin
15219,225 West Station Square Dr.,412-454-2200,wesco.com,Wesco International,PA,Uptown
68154,11808 Miracle Hills Dr.,402-963-1200,west.com,West,NE,Omaha
80112,12500 E. Belford Ave.,866-405-5012,westernunion.com,Western Union,CO,Englewood
77056,2801 Post Oak Blvd.,713-960-9111,westlake.com,Westlake Chemical,TX,Houston
98063,33663 Weyerhaeuser Way S.,253-924-2345,weyerhaeuser.com,Weyerhaeuser,WA,Federal Way
20080,101 Constitution Ave. N.W.,703-750-2000,wglholdings.com,WGL Holdings,DC,Washington
78703,550 Bowie St.,512-477-4455,wholefoodsmarket.com,Whole Foods Market,TX,Austin
74172,1 Williams Center,918-573-2000,williams.com,Williams,OK,Tulsa
32254,5050 Edgewood Court,904-783-5000,winn-dixie.com,Winn-Dixie Stores,FL,Jacksonville
53203,231 W. Michigan St.,414-221-2345,wisconsinenergy.com,Wisconsin Energy,WI,Milwaukee
60611,410 N. Michigan Ave.,312-644-2121,wrigley.com,Wm. Wrigley Jr.,IL,Chicago
33178,9800 N.W. 41st St.,305-428-8000,wfscorp.com,World Fuel Services,FL,Miami
43085,200 Old Wilson Bridge Road,614-438-3210,worthingtonindustries.com,Worthington Industries,OH,Worthington
89109,3131 Las Vegas Blvd. S.,702-770-7555,wynnresorts.com,Wynn Resorts,NV,Las Vegas
55401,414 Nicollet Mall,612-330-5500,xcelenergy.com,Xcel Energy,MN,Minneapolis
76102,810 Houston St.,817-870-2800,xtoenergy.com,XTO Energy,TX,Fort Worth
75038,901 W. Walnut Hill Lane,972-580-4000,zalecorp.com,Zale,TX,Irving
